Date,actual_level,fair_level,predicted_change,residual
2018-04-19,60.125,60.740071793775826,0.6150717937758292,-0.6150717937758259
2018-04-20,60.874,61.7071949743468,0.9671231805709678,-0.8331949743467959
2018-04-23,61.76,61.562746758209016,-0.14444821613778183,0.1972532417909818
2018-04-24,62.275,63.311009362023256,1.7482626038142395,-1.0360093620232576
2018-04-25,61.533,63.06807408465932,-0.24293527736392995,-1.5350740846593212
2018-04-26,60.093,61.867876863559125,-1.200197221100198,-1.7748768635591219
2018-04-27,60.154,61.68611052972597,-0.1817663338331564,-1.5321105297259692
2018-04-30,60.698,62.71017128197403,1.0240607522480596,-2.0121712819740267
2018-05-01,60.792,62.37312725842489,-0.33704402354913954,-1.5811272584248854
2018-05-02,61.507,63.27773435665627,0.9046070982313752,-1.7707343566562699
2018-05-03,62.349,63.62074107630112,0.34300671964485785,-1.2717410763011259
2018-05-04,61.606,62.13872922105102,-1.4820118552501005,-0.5327292210510208
2018-05-07,62.035,61.875206727940316,-0.2635224931107043,0.1597932720596802
2018-05-08,62.434,61.87666169813846,0.0014549701981426408,0.5573383018615345
2018-05-09,61.252,60.56508592777652,-1.3115757703619384,0.6869140722234803
2018-05-10,59.521,59.80927345446241,-0.7558124733141178,-0.2882734544624057
2018-05-11,59.294,59.531553135601605,-0.2777203188607976,-0.2375531356016083
2018-05-14,59.648,59.49017229806569,-0.04138083753592023,0.15782770193431617
2018-05-15,61.275,60.46450463822936,0.9743323401636728,0.8104953617706414
2018-05-16,60.93,59.724401910743005,-0.7401027274863567,1.2055980892569949
2018-05-17,60.906,59.860734563349794,0.13633265260679084,1.0452654366502045
2018-05-18,61.884,60.37865648687864,0.517921923528849,1.5053435131213604
2018-05-21,61.792,59.598872418315885,-0.7797840685627584,2.1931275816841165
2018-05-22,61.574,60.01212126985883,0.4132488515429444,1.5618787301411672
2018-05-23,61.933,59.84905428673546,-0.16306698312337037,2.0839457132645407
2018-05-24,62.139,60.19857954823929,0.34952526150382907,1.9404204517607155
2018-05-25,63.221,60.86520995561861,0.666630407379325,2.3557900443813864
2018-05-30,65.181,58.82641237685349,-2.038797578765122,6.354587623146507
2018-05-31,66.808,59.70600451614901,0.8795921392955208,7.101995483850999
2018-06-01,65.14,58.01287964982882,-1.6931248663201952,7.127120350171182
2018-06-04,63.852,57.28140419122104,-0.7314754586077751,6.570595808778954
2018-06-05,64.169,57.25386897376644,-0.02753521745460552,6.91513102623356
2018-06-06,63.742,56.111343950857545,-1.142525022908889,7.630656049142452
2018-06-07,66.779,56.57548525721548,0.46414130635793593,10.203514742784513
2018-06-08,66.341,56.2579275844209,-0.3175576727945877,10.083072415579096
2018-06-11,64.51,56.23129175429367,-0.0266358301272255,8.278708245706333
2018-06-12,63.682,56.07884424087227,-0.15244751342139662,7.603155759127731
2018-06-13,63.535,56.68488606122444,0.6060418203521658,6.850113938775557
2018-06-14,61.354,56.4386229650794,-0.2462630961450401,4.915377034920603
2018-06-15,60.48,56.645207019553496,0.2065840544740997,3.834792980446501
2018-06-18,60.976,57.02748985692992,0.38228283737642105,3.948510143070081
2018-06-19,62.951,57.848112959084936,0.8206231021550144,5.102887040915064
2018-06-20,63.05,57.45035357741211,-0.39775938167282154,5.599646422587888
2018-06-21,64.969,58.81591023805497,1.365556660642853,6.153089761945026
2018-06-22,64.566,58.487872998416805,-0.32803723963815934,6.078127001583198
2018-06-25,66.754,60.93806705734687,2.4501940589300664,5.815932942653134
2018-06-26,65.77,60.42594762084655,-0.5121194365003231,5.344052379153446
2018-06-27,68.096,62.073787350955335,1.6478397301087828,6.022212649044668
2018-06-28,68.03,61.229688363570894,-0.844098987384436,6.800311636429107
2018-06-29,67.595,60.979753883466024,-0.24993448010487046,6.615246116533974
2018-07-02,67.97,60.54918858400006,-0.4305652994659648,7.420811415999935
2018-07-03,67.351,61.39762834254097,0.8484397585409069,5.95337165745903
2018-07-06,63.998,60.23293728420105,-1.1646910583399153,3.7650627157989476
2018-07-09,62.156,59.11218809660834,-1.1207491875927131,3.0438119033916564
2018-07-10,62.294,58.83308619257648,-0.2791019040318612,3.460913807423516
2018-07-11,63.53,59.88450676900578,1.0514205764293039,3.6454932309942194
2018-07-12,61.585,58.8062926446296,-1.078214124376179,2.7787073553704005
2018-07-13,60.525,58.73336090740029,-0.07293173722931315,1.7916390925997092
2018-07-16,60.945,58.985966926219675,0.25260601881938133,1.9590330737803257
2018-07-17,60.38,58.42129717986572,-0.5646697463539553,1.9587028201342847
2018-07-18,60.715,58.2647080871781,-0.15658909268761348,2.4502919128219034
2018-07-19,61.833,59.063988027053824,0.7992799398757218,2.769011972946174
2018-07-20,61.6375,59.058526753760106,-0.005461273293717149,2.5789732462398973
2018-07-23,61.5388,58.6531795254237,-0.40534722833640585,2.8856204745762994
2018-07-24,60.9275,58.21326065619283,-0.4399188692308692,2.714239343807172
2018-07-25,59.2187,57.20609249077239,-1.007168165420437,2.012607509227607
2018-07-26,57.6725,57.541193840718165,0.33510134994577234,0.1313061592818343
2018-07-27,58.3,58.60549642167794,1.0643025809597702,-0.3054964216779439
2018-07-30,58.993,59.548011558909,0.9425151372310686,-0.5550115589090012
2018-07-31,57.9837,58.78981029454177,-0.7582012643672321,-0.8061102945417744
2018-08-01,58.5626,58.89583052675749,0.10602023221571792,-0.33323052675748954
2018-08-02,58.7975,58.29983711392526,-0.5959934128322327,0.4976628860747425
2018-08-03,58.9877,57.877906574819214,-0.4219305391060424,1.1097934251807828
2018-08-06,58.5798,57.51997696450575,-0.3579296103134678,1.0598230354942473
2018-08-07,58.1152,57.086359598950814,-0.433617365554937,1.0288404010491874
2018-08-08,58.0593,57.21298049073637,0.1266208917855565,0.8463195092636298
2018-08-09,59.2687,57.686763272761794,0.4737827820254234,1.581936727238208
2018-08-10,61.4175,59.20715108902808,1.520387816266288,2.2103489109719163
2018-08-13,62.1065,60.103761442807475,0.8966103537793946,2.0027385571925223
2018-08-14,61.2212,59.054965847780544,-1.0487955950269277,2.1662341522194595
2018-08-15,62.5061,60.420805832737955,1.365839984957409,2.085294167262049
2018-08-16,61.41,59.35396050821545,-1.0668453245225082,2.0560394917845457
2018-08-17,60.9938,58.881521526147004,-0.47243898206844415,2.112278473852996
2018-08-20,61.47,58.81612748657813,-0.06539403956887128,2.6538725134218666
2018-08-21,60.2738,58.73227650452206,-0.08385098205607001,1.5415234954779393
2018-08-22,59.8479,58.72546330164847,-0.006813202873591864,1.1224366983515353
2018-08-23,60.7126,58.98120344950347,0.25574014785499494,1.7313965504965338
2018-08-24,59.7224,58.35404841272002,-0.6271550367834452,1.3683515872799816
2018-08-27,58.453,57.54655853921059,-0.8074898735094346,0.9064414607894165
2018-08-28,58.3237,57.55660215023343,0.0100436110228418,0.7670978497665715
2018-08-29,58.5264,56.94225482685792,-0.6143473233755072,1.5841451731420833
2018-08-30,60.3703,57.944990101905454,1.002735275047531,2.4253098980945467
2018-08-31,59.9395,57.84617625031091,-0.09881385159454135,2.093323749689091
2018-09-05,60.2182,58.40816839887576,0.5619921485648487,1.810031601124244
2018-09-06,59.8863,59.16892938612693,0.7607609872511775,0.7173706138730651
2018-09-07,59.8461,59.257636883922586,0.08870749779565164,0.5884631160774134
2018-09-10,57.8663,58.963488269538324,-0.2941486143842645,-1.0971882695383215
2018-09-11,58.0737,58.22955108082511,-0.7339371887132095,-0.15585108082510857
2018-09-12,57.1063,58.280150290651626,0.05059920982651109,-1.1738502906516288
2018-09-13,55.54,57.568285250750556,-0.7118650399010668,-2.0282852507505567
2018-09-14,55.8275,57.435919262226776,-0.1323659885237795,-1.608419262226775
2018-09-17,56.83,58.56910292953856,1.1331836673117792,-1.7391029295385607
2018-09-18,55.9963,57.60111971944164,-0.9679832100969196,-1.6048197194416431
2018-09-19,56.2152,57.24658900862457,-0.35453071081706744,-1.031389008624565
2018-09-20,60.9387,56.499781782496605,-0.7468072261279636,4.438918217503392
2018-09-21,61.535,56.587495667811254,0.08771388531464692,4.947504332188743
2018-09-24,62.7994,57.08480753780565,0.49731186999439814,5.7145924621943465
2018-09-25,62.2558,57.30862422291655,0.22381668511089525,4.9471757770834515
2018-09-26,61.1519,58.02796992425054,0.7193457013339972,3.123930075749456
2018-09-27,59.42,57.71701822689625,-0.3109516973542942,1.702981773103751
2018-09-28,59.18,57.718494775772925,0.0014765488766728216,1.461505224227075
2018-10-01,58.0737,57.302373792399585,-0.4161209833733354,0.771326207600417
2018-10-02,59.2125,57.502575968980786,0.20020217658119735,1.709924031019213
2018-10-03,59.2666,56.95646331385017,-0.5461126551306152,2.310136686149825
2018-10-04,60.52,58.58057903222772,1.624115718377546,1.9394209677722856
2018-10-05,61.3975,59.23356995962484,0.6529909273971247,2.1639300403751633
2018-10-10,65.7419,64.78620070357027,5.5526307439454365,0.955699296429728
2018-10-11,65.7288,67.51213130631538,2.7259306027451076,-1.7833313063153753
2018-10-12,64.1975,65.16799453097379,-2.344136775341595,-0.9704945309737809
2018-10-15,66.0177,65.85212617835089,0.684131647377096,0.1655738216491187
2018-10-16,63.4263,62.76646783973902,-3.085658338611868,0.6598321602609758
2018-10-17,64.0824,62.65761234416683,-0.10885549557219208,1.4247876558331782
2018-10-18,67.4163,65.0035468688732,2.3459345247063794,2.412753131126806
2018-10-19,67.5175,65.00011570835235,-0.0034311605208559607,2.5173842916476445
2018-10-22,67.9688,65.41435846548991,0.4142427571375645,2.55444153451009
2018-10-23,67.4238,66.44696277451571,1.0326043090257941,0.9768372254842888
2018-10-24,69.7021,71.04298100977078,4.596018235255074,-1.3408810097707828
2018-10-25,69.1513,69.00510222580611,-2.037878783964672,0.1461977741938938
2018-10-26,69.9813,70.93043208746937,1.9253298616632561,-0.9491320874693656
2018-10-29,70.719,71.73803531958185,0.8076032321124871,-1.0190353195818602
2018-10-30,69.2068,69.80491417493018,-1.9331211446516794,-0.5981141749301742
2018-10-31,68.7582,68.1928242068465,-1.6120899680836867,0.5653757931535068
2018-11-01,66.9156,66.79297712512637,-1.3998470817201154,0.12262287487362755
2018-11-02,66.0434,67.23319219345122,0.44021506832484336,-1.1897921934512112
2018-11-05,65.14,66.90617255118944,-0.32701964226177815,-1.7661725511894417
2018-11-06,64.2413,66.24197141662555,-0.66420113456389,-2.0006714166255506
2018-11-07,62.4763,63.194701813309216,-3.0472696033163316,-0.7184018133092138
2018-11-08,63.5488,63.615257329826434,0.4205555165172141,-0.06645732982643437
2018-11-09,66.64,65.00564302394052,1.3903856941140846,1.634356976059479
2018-11-14,71.685,66.22857664218263,1.2229336182421136,5.456423357817371
2018-11-15,73.2176,65.00863145217488,-1.2199451900077498,8.208968547825123
2018-11-16,74.272,64.56913261552545,-0.4394988366494329,9.702867384474558
2018-11-19,77.0023,66.82389945469275,2.2547668391673032,10.178400545307255
2018-11-20,79.1575,69.27723295849542,2.4533335038026616,9.880267041504581
2018-11-21,78.2001,68.59758026272202,-0.6796526957733984,9.602519737277987
2018-11-26,78.9399,66.42586816716074,-2.1717120955612677,12.514031832839251
2018-11-27,78.455,66.20321872171695,-0.2226494454438034,12.251781278283048
2018-11-28,73.6002,63.93234451117104,-2.270874210545905,9.667855488828963
2018-11-29,74.5088,64.40478589456029,0.4724413833892565,10.104014105439703
2018-11-30,74.9635,63.64481690836997,-0.7599689861903252,11.318683091630028
2018-12-03,74.5137,62.20026346084607,-1.4445534475239028,12.313436539153933
2018-12-04,79.1463,66.90292058119576,4.702657120349688,12.243379418804238
2018-12-07,82.7499,69.98962884050351,3.086708259307762,12.760271159496483
2018-12-10,81.3876,69.66591961756197,-0.32370922294154963,11.721680382438038
2018-12-11,80.0959,69.43190155471842,-0.2340180628435424,10.663998445281578
2018-12-12,77.9138,68.81401881280073,-0.6178827419176938,9.09978118719927
2018-12-13,76.82,68.69314691818418,-0.12087189461655118,8.12685308181581
2018-12-14,79.33,70.96048871881186,2.267341800627676,8.369511281188139
2018-12-17,81.9931,73.92950999091282,2.969021272100959,8.063590009087179
2018-12-18,81.7192,74.45962643925192,0.5301164483391062,7.2595735607480805
2018-12-19,86.1307,76.13489710328051,1.6752706640285915,9.995802896719496
2018-12-20,89.6263,78.23318848375362,2.098291380473115,11.393111516246378
2018-12-21,92.5119,80.68460288378742,2.451414400033797,11.827297116212577
2018-12-24,94.9118,84.96941217828807,4.284809294500642,9.942387821711932
2018-12-27,89.4014,84.34440521077269,-0.6250069675153703,5.0569947892273035
2018-12-28,88.2407,84.29857531941896,-0.045829891353739376,3.9421246805810455
2018-12-31,87.7486,83.09272475411994,-1.2058505652990132,4.655875245880054
2019-01-03,90.1712,86.2069621324026,3.114237378282654,3.9642378675974044
2019-01-04,83.644,81.62414999157323,-4.582812140829356,2.019850008426772
2019-01-07,81.38,80.91930336328038,-0.7048466282928638,0.4606966367196179
2019-01-08,78.6202,79.71048984629552,-1.2088135169848597,-1.0902898462955193
2019-01-09,79.1088,79.37304221836612,-0.33744762792938515,-0.26424221836612105
2019-01-10,77.1099,78.77206023365262,-0.6009819847135027,-1.662160233652628
2019-01-11,77.5214,78.66804402278933,-0.10401621086330413,-1.1466440227893315
2019-01-14,79.3702,79.47461062858032,0.806566605790998,-0.10441062858032524
2019-01-15,76.3925,78.40884458456303,-1.0657660440172998,-2.0163445845630292
2019-01-16,76.3211,78.35016233480577,-0.05868224975725403,-2.029062334805772
2019-01-17,73.5549,77.33302298088809,-1.0171393539176843,-3.778122980888085
2019-01-18,72.4838,75.9293976364811,-1.4036253444069928,-3.4455976364810965
2019-01-23,74.1843,75.44791943680386,-0.481478199677231,-1.2636194368038645
2019-01-24,74.1006,75.32470021009223,-0.12321922671162894,-1.2241002100922316
2019-01-25,72.2425,74.02149736521704,-1.3032028448751944,-1.7789973652170374
2019-01-28,73.1379,75.2966553943186,1.275158029101569,-2.1587553943186037
2019-01-29,72.4,75.70980329859319,0.413147904274588,-3.309803298593181
2019-01-30,69.1425,74.0777770894848,-1.6320262091083928,-4.935277089484799
2019-01-31,66.1129,73.27438479894569,-0.8033922905391071,-7.161484798945693
2019-02-01,66.8611,72.90483247599283,-0.369552322952856,-6.04373247599284
2019-02-04,65.1217,72.03950181510575,-0.8653306608870882,-6.917801815105747
2019-02-05,64.2025,71.70051502070372,-0.33898679440202545,-7.498015020703718
2019-02-06,66.1087,71.94848484841994,0.24796982771621248,-5.839784848419939
2019-02-07,68.4975,73.37677253009589,1.4282876816759595,-4.879272530095889
2019-02-08,67.1838,73.29400794355476,-0.0827645865411325,-6.110207943554755
2019-02-11,67.8395,73.29599407728642,0.001986133731660677,-5.456494077286422
2019-02-12,64.7789,71.83890802275288,-1.45708605453355,-7.060008022752882
2019-02-13,65.2,71.60215217160825,-0.23675585114462008,-6.40215217160825
2019-02-14,64.9225,72.28303810916029,0.6808859375520264,-7.360538109160288
2019-02-15,62.5151,70.8903655194649,-1.392672589695389,-8.375265519464897
2019-02-20,60.471,70.51126237522604,-0.379103144238847,-10.040262375226042
2019-02-21,61.9026,70.88353770744135,0.3722753322153068,-8.980937707441349
2019-02-22,61.3813,70.22101887327898,-0.6625188341623758,-8.839718873278976
2019-02-25,61.0013,70.48607632349605,0.26505745021707466,-9.48477632349605
2019-02-26,60.5588,70.83666287949049,0.3505865559944316,-10.277862879490492
2019-02-27,59.725,70.68172179429332,-0.15494108519716024,-10.956721794293323
2019-02-28,60.1587,70.99559001440578,0.3138682201124601,-10.836890014405775
2019-03-01,59.2788,69.84571149182985,-1.14987852257594,-10.566911491829849
2019-03-04,59.8225,70.71260225032813,0.8668907584982843,-10.890102250328134
2019-03-05,61.1938,70.93880465177092,0.2262024014428021,-9.74500465177092
2019-03-06,62.8899,72.04934850057455,1.1105438488036226,-9.159448500574555
2019-03-07,63.9475,73.37833443981194,1.3289859392373846,-9.430834439811939
2019-03-08,63.6372,73.56526985532643,0.1869354155144991,-9.928069855326434
2019-03-11,59.9813,71.68229674455306,-1.8829731107733754,-11.70099674455306
2019-03-12,59.58,71.4541481809955,-0.22814856355755894,-11.874148180995505
2019-03-13,58.145,70.66000522771144,-0.7941429532840579,-12.515005227711434
2019-03-14,58.4275,70.83022763723952,0.1702224095280838,-12.402727637239515
2019-03-15,57.9269,70.39976117444833,-0.4304664627911911,-12.472861174448326
2019-03-18,57.185,70.08226480796274,-0.3174963664855944,-12.897264807962742
2019-03-19,57.6325,70.2544602346313,0.17219542666855578,-12.621960234631295
2019-03-20,65.7875,71.07895962363432,0.8244993890030222,-5.291459623634324
2019-03-21,64.5075,69.91850661549053,-1.1604530081437934,-5.411006615490535
2019-03-22,68.1313,73.10221083684314,3.1837042213526163,-4.970910836843146
2019-03-25,68.8012,73.42869623429594,0.3264853974528031,-4.627496234295947
2019-03-26,68.181,72.23898691797551,-1.1897093163204373,-4.057986917975512
2019-03-27,68.3438,73.1549948906822,0.9160079727067038,-4.811194890682202
2019-03-28,66.275,72.55897342035937,-0.5960214703228496,-6.283973420359359
2019-03-29,63.3813,71.75111517697314,-0.8078582433862078,-8.369815176973141
2019-04-01,61.6138,70.1467645226349,-1.6043506543382586,-8.532964522634899
2019-04-02,62.17,70.32656372089707,0.1797991982621765,-8.156563720897068
2019-04-03,61.9375,70.09471921123964,-0.23184450965743164,-8.157219211239635
2019-04-04,61.1413,69.93748435028016,-0.15723486095948616,-8.796184350280157
2019-04-05,60.0375,69.38642716823644,-0.5510571820437214,-9.348927168236436
2019-04-08,60.019,69.34419693635206,-0.042230231884370716,-9.325196936352064
2019-04-09,60.7537,70.42515889538029,1.0809619590282271,-9.67145889538029
2019-04-10,59.4275,70.01556440183629,-0.4095944935439972,-10.588064401836284
2019-04-11,58.8,69.88075501073847,-0.13480939109782675,-11.080755010738471
2019-04-12,56.26,68.7483974837455,-1.1323575269929624,-12.488397483745509
2019-04-15,56.4263,69.01507081879141,0.26667333504591056,-12.588770818791417
2019-04-16,57.3645,68.86914421342853,-0.14592660536289143,-11.504644213428527
2019-04-17,57.6425,69.30461936893079,0.4354751555022683,-11.662119368930789
2019-04-18,57.494,69.20457677763132,-0.10004259129947451,-11.710576777631317
2019-04-23,56.827,68.41041854585738,-0.7941582317739284,-11.583418545857384
2019-04-24,58.1475,69.1382304334705,0.7278118876131163,-10.990730433470496
2019-04-25,58.6213,69.22798561307454,0.08975517960403942,-10.60668561307454
2019-04-26,57.1459,68.82976442432086,-0.39822118875367896,-11.68386442432086
2019-04-29,57.745,68.80288228756554,-0.02688213675532946,-11.05788228756554
2019-04-30,57.4013,68.94771203642067,0.14482974885513702,-11.54641203642067
2019-05-01,58.925,70.18756053999635,1.2398485035756908,-11.262560539996358
2019-05-02,58.8587,70.20793315164414,0.020372611647781532,-11.349233151644142
2019-05-03,57.624,68.89893935079638,-1.308993800847765,-11.27493935079638
2019-05-06,58.5888,70.3515735169554,1.4526341661590136,-11.762773516955399
2019-05-07,60.8831,73.2683822776525,2.916808760697112,-12.385282277652507
2019-05-08,62.2287,73.43889152153301,0.17050924388049865,-11.210191521533005
2019-05-09,63.0533,73.90743806578884,0.46854654425583864,-10.854138065788838
2019-05-10,60.607,72.69301365815001,-1.2144244076388369,-12.086013658150009
2019-05-13,65.6038,76.77155105603573,4.0785373978857296,-11.167751056035726
2019-05-14,63.39,75.33046957327664,-1.4410814827590874,-11.940469573276644
2019-05-15,63.4588,74.54971544041348,-0.7807541328631671,-11.090915440413482
2019-05-16,62.2875,73.29225830708907,-1.2574571333244078,-11.00475830708907
2019-05-17,63.4002,74.15433875712728,0.8620804500382132,-10.75413875712728
2019-05-20,64.0639,74.91471857239088,0.7603798152636018,-10.850818572390878
2019-05-21,62.9025,73.6862794119578,-1.2284391604330884,-10.783779411957795
2019-05-22,63.3462,74.167892255093,0.481612843135201,-10.82169225509299
2019-05-23,65.0263,76.33225243205197,2.164360176958983,-11.305952432051967
2019-05-24,64.7503,75.95975407848265,-0.3724983535693282,-11.20945407848265
2019-05-29,67.2088,76.87101452127851,0.9112604427958599,-9.662214521278514
2019-05-30,66.7188,76.77700261517799,-0.09401190610051842,-10.05820261517799
2019-05-31,70.1887,79.00081721601023,2.223814600832245,-8.812117216010236
2019-06-03,69.735,79.62938871117603,0.6285714951657928,-9.894388711176035
2019-06-04,65.4488,76.83803771922041,-2.7913509919556208,-11.389237719220404
2019-06-05,64.0963,75.86816976029935,-0.9698679589210535,-11.771869760299353
2019-06-06,63.74,75.30780238453356,-0.5603673757657959,-11.567802384533557
2019-06-07,62.21,74.54185350845455,-0.7659488760790055,-12.33185350845455
2019-06-10,60.3013,73.77581092749223,-0.7660425809623238,-13.474510927492233
2019-06-11,60.0725,73.8908956884574,0.11508476096518035,-13.818395688457407
2019-06-12,61.5438,74.28063293238861,0.38973724393120146,-12.736832932388616
2019-06-13,60.3682,74.02367201128095,-0.25696092110766217,-13.65547201128095
2019-06-14,61.4512,74.16439713167398,0.14072512039303142,-12.71319713167398
2019-06-17,60.5037,74.10309864947143,-0.06129848220254724,-13.599398649471432
2019-06-18,57.5675,73.22139566863642,-0.8817029808350096,-15.653895668636416
2019-06-19,55.2625,73.00261515494932,-0.2187805136871046,-17.740115154949322
2019-06-20,53.7701,72.13035279991675,-0.8722623550325714,-18.36025279991675
2019-06-21,55.4588,72.44692519981147,0.31657239989472513,-16.988125199811478
2019-06-24,55.6037,72.84014810335168,0.39322290354020706,-17.236448103351677
2019-06-25,58.1938,74.29288633714548,1.4527382337937924,-16.099086337145472
2019-06-26,57.3248,74.25605129068326,-0.0368350464622066,-16.931251290683257
2019-06-27,55.7475,73.95021644556829,-0.30583484511498227,-18.202716445568285
2019-06-28,54.1486,73.25711632925953,-0.6931001163087448,-19.10851632925953
2019-07-01,52.7051,72.13132932642314,-1.1257870028363968,-19.42622932642314
2019-07-02,52.1296,71.79536177982705,-0.3359675465960981,-19.665761779827044
2019-07-03,51.6688,71.0382956742478,-0.7570661055792398,-19.36949567424781
2019-07-08,54.7062,71.72319461539473,0.6848989411469217,-17.01699461539473
2019-07-09,53.846,71.62062049131202,-0.10257412408269671,-17.774620491312028
2019-07-10,52.4521,71.02700366154576,-0.5936168297662601,-18.57490366154576
2019-07-11,53.4202,70.54392290674076,-0.4830807548050006,-17.12372290674076
2019-07-12,53.4799,70.03073031283019,-0.5131925939105781,-16.550830312830186
2019-07-15,53.4376,70.30868149343705,0.2779511806068552,-16.871081493437046
2019-07-16,54.05,70.74534674013238,0.43666524669532886,-16.69534674013238
2019-07-17,54.659,72.04330804017894,1.29796130004657,-17.384308040178944
2019-07-18,52.9225,71.73738712392378,-0.30592091625515694,-18.814887123923782
2019-07-19,53.9813,72.55426557818494,0.8168784542611472,-18.57296557818494
2019-07-22,52.735,72.1138449486487,-0.44042062953622757,-19.378844948648705
2019-07-23,50.7643,71.07188472118753,-1.041960227461182,-20.30758472118753
2019-07-24,49.6612,70.6309328848975,-0.44095183629001544,-20.969732884897503
2019-07-25,51.145,71.30012739407529,0.6691945091777836,-20.155127394075286
2019-07-26,51.245,70.46417361079699,-0.8359537832783093,-19.219173610796993
2019-07-29,52.6463,70.9027706280933,0.43859701729631195,-18.256470628093297
2019-07-30,52.5063,71.59251595814659,0.6897453300532984,-19.08621595814659
2019-07-31,55.175,73.58311204046447,1.990596082317885,-18.408112040464474
2019-08-01,55.7875,75.5309069941342,1.9477949536697208,-19.743406994134197
2019-08-02,56.6437,76.48185581289601,0.9509488187618161,-19.838155812896012
2019-08-05,62.4712,82.13910149149937,5.657245678603361,-19.66790149149937
2019-08-06,59.5247,79.69187441154409,-2.4472270799552858,-20.16717441154409
2019-08-07,59.99,79.38557281585369,-0.3063015956903915,-19.39557281585369
2019-08-08,58.1775,76.85353770794511,-2.5320351079085834,-18.676037707945106
2019-08-09,59.07,77.80455810962052,0.9510204016754019,-18.734558109620515
2019-08-12,61.7513,80.35422785596647,2.5496697463459634,-18.60292785596647
2019-08-13,56.7825,77.67650470397626,-2.677723151990217,-20.894004703976265
2019-08-14,62.3937,82.54967593263594,4.873171228659678,-20.155975932635933
2019-08-15,61.9463,82.37751673450194,-0.1721591981340037,-20.431216734501938
2019-08-16,58.1925,80.17580977246733,-2.201706962034598,-21.98330977246733
2019-08-19,55.4338,78.32712547059839,-1.8486843018689358,-22.89332547059839
2019-08-20,56.977,79.60164475395061,1.2745192833522119,-22.624644753950612
2019-08-21,54.58,78.18055026506674,-1.4210944888838664,-23.600550265066744
2019-08-22,54.61,78.42858054391803,0.2480302788512909,-23.81858054391803
2019-08-23,58.52,82.42760299485194,3.9990224509339014,-23.907602994851935
2019-08-26,56.2975,81.221429935193,-1.2061730596589346,-24.923929935193
2019-08-27,56.6188,82.11955519918703,0.8981252639940348,-25.500755199187033
2019-08-28,55.1525,81.25027628636715,-0.8692789128198828,-26.09777628636715
2019-08-29,53.9562,79.5435671294208,-1.7067091569463608,-25.58736712942079
2019-08-30,54.0549,79.8666510825356,0.32308395311480403,-25.811751082535594
2019-09-04,53.8827,78.183448507754,-1.6832025747816004,-24.300748507753994
2019-09-05,52.215,76.21302583123662,-1.970422676517373,-23.998025831236617
2019-09-06,51.2325,75.81504311215195,-0.3979827190846701,-24.582543112151953
2019-09-09,51.7239,75.65560063611339,-0.1594424760385638,-23.93170063611339
2019-09-10,52.0604,75.32766665958765,-0.32793397652574763,-23.267266659587648
2019-09-11,50.8338,74.44936131812072,-0.8783053414669251,-23.615561318120726
2019-09-12,50.0975,73.97531049220431,-0.4740508259163981,-23.87781049220432
2019-09-13,50.0655,73.52855180430412,-0.44675868790021034,-23.463051804304115
2019-09-16,51.0394,74.44574649518081,0.9171946908766998,-23.406346495180813
2019-09-17,51.5034,75.01288058828328,0.5671340931024754,-23.50948058828328
2019-09-18,50.8275,74.26750126769379,-0.7453793205894941,-23.440001267693788
2019-09-19,51.8025,74.29095484606431,0.023453578370520204,-22.488454846064307
2019-09-20,59.7225,75.469276658883,1.1783218128186956,-15.746776658883007
2019-09-23,58.9837,75.43192064405304,-0.03735601482997676,-16.448220644053038
2019-09-24,60.9675,77.32737387317437,1.8954532291213326,-16.359873873174365
2019-09-25,60.1,76.12531764427763,-1.2020562288967378,-16.025317644277628
2019-09-26,60.845,76.61627720211317,0.4909595578355411,-15.771277202113168
2019-09-27,61.685,77.62521147396207,1.0089342718489023,-15.940211473962066
2019-09-30,59.8,77.08465352686962,-0.5405579470924519,-17.28465352686962
2019-10-01,60.645,79.16201280150472,2.077359274635104,-18.517012801504713
2019-10-02,63.3886,81.85431868371167,2.6923058822069517,-18.46571868371167
2019-10-03,62.7263,81.00379479775928,-0.8505238859523867,-18.27749479775928
2019-10-04,60.2422,79.02213082977974,-1.981663967979544,-18.779930829779744
2019-10-07,61.145,79.6460516525983,0.6239208228185653,-18.5010516525983
2019-10-08,63.0913,82.1642528395979,2.5182011869995993,-19.07295283959791
2019-10-09,61.4316,80.63355891636715,-1.530693923230766,-19.201958916367147
2019-10-10,59.9725,79.40462863481415,-1.2289302815529999,-19.43212863481415
2019-10-11,57.2388,77.54585194875875,-1.8587766860553856,-20.307051948758755
2019-10-16,56.0675,78.02633253685462,0.48048058809586075,-21.958832536854622
2019-10-17,55.63,77.75308287392035,-0.2732496629342675,-22.123082873920346
2019-10-18,54.905,78.38246581556538,0.6293829416450398,-23.47746581556538
2019-10-21,53.7975,77.45674396712623,-0.9257218484391583,-23.65924396712623
2019-10-22,54.6326,78.19374399985689,0.7370000327306662,-23.561143999856895
2019-10-23,54.1437,77.84523330167809,-0.34851069817880054,-23.70153330167809
2019-10-24,54.6188,77.62993122464448,-0.21530207703362264,-23.01113122464448
2019-10-25,53.5975,76.84144273190145,-0.7884884927430134,-23.243942731901456
2019-10-28,53.3275,76.25825832497763,-0.5831844069238267,-22.93075832497763
2019-10-29,54.4875,76.46036351556891,0.2021051905912865,-21.972863515568918
2019-10-30,54.2126,76.2024147753715,-0.25794874019742164,-21.989814775371492
2019-10-31,55.0563,77.15912401269003,0.956709237318534,-22.10282401269003
2019-11-01,52.9,75.8004171185938,-1.358706894096227,-22.9004171185938
2019-11-04,51.4663,75.3672312083668,-0.43318591022701014,-23.900931208366806
2019-11-05,51.86,75.35774192027186,-0.009489288094933813,-23.497741920271864
2019-11-06,51.8825,75.33533784452544,-0.02240407574642257,-23.45283784452544
2019-11-07,51.17,74.8004521104142,-0.5348857341112382,-23.630452110414197
2019-11-08,51.2988,74.33071856579173,-0.4697335446224792,-23.031918565791727
2019-11-13,52.2212,74.58956975403066,0.25885118823894515,-22.36836975403066
2019-11-14,52.4215,74.8416846432737,0.2521148892430293,-22.420184643273693
2019-11-15,51.26,73.73722487734634,-1.104459765927364,-22.477224877346337
2019-11-18,51.2525,73.92096843350542,0.1837435561590945,-22.668468433505424
2019-11-19,52.1425,74.27544470064282,0.3544762671373944,-22.132944700642824
2019-11-20,52.7699,74.88739410613758,0.6119494054947555,-22.117494106137578
2019-11-21,52.8913,75.12441347715632,0.23701937101875234,-22.233113477156323
2019-11-22,51.4613,74.73131227850993,-0.39310119864638937,-23.27001227850993
2019-11-25,50.0275,73.89506012690697,-0.8362521516029662,-23.867560126906966
2019-11-26,49.19,73.70591715754813,-0.1891429693588463,-24.51591715754813
2019-11-27,49.565,73.24574969817778,-0.4601674593703529,-23.680749698177777
2019-12-02,51.5457,74.79074655614528,1.5449968579675029,-23.245046556145283
2019-12-03,52.1922,76.25941115556162,1.468664599416355,-24.067211155561623
2019-12-04,50.395,75.10134312145091,-1.1580680341107175,-24.706343121450907
2019-12-05,50.4626,74.8060813814881,-0.29526173996281696,-24.343481381488097
2019-12-06,49.205,73.50588197043393,-1.3001994110541555,-24.300881970433934
2019-12-09,50.1826,74.60251960100635,1.096637630572403,-24.41991960100635
2019-12-10,49.875,74.64501888850614,0.04249928749979532,-24.770018888506144
2019-12-11,49.1749,74.39481963780698,-0.2501992506991589,-25.219919637806974
2019-12-12,47.8016,72.86146635730088,-1.5333532805060965,-25.059866357300884
2019-12-13,47.86,72.85152151385087,-0.009944843450018871,-24.99152151385087
2019-12-16,46.135,71.82408098835225,-1.0274405254986148,-25.689080988352252
2019-12-17,45.8138,71.86139239138247,0.03731140303021654,-26.047592391382466
2019-12-18,45.7725,71.94247731731434,0.0810849259318693,-26.16997731731434
2019-12-19,45.7075,71.47686623749382,-0.4656110798205062,-25.76936623749382
2019-12-20,45.1156,70.99215569513831,-0.4847105423555259,-25.876555695138308
2019-12-23,45.0413,70.93037673138551,-0.06177896375280056,-25.889076731385508
2019-12-24,44.5987,71.1677009829962,0.23732425161068763,-26.569000982996194
2019-12-27,43.9475,71.55917104544226,0.3914700624460718,-27.611671045442257
2019-12-30,44.975,72.69512427256458,1.1359532271223185,-27.720124272564583
2019-12-31,45.2663,72.02965882341633,-0.6654654491482543,-26.763358823416326
2020-01-03,45.8354,73.67243632584864,1.642777502432315,-27.837036325848636
2020-01-06,46.0488,73.2073725796599,-0.4650637461887381,-27.158572579659904
2020-01-07,46.6652,73.57545774965533,0.36808516999543217,-26.91025774965533
2020-01-08,45.1127,72.76935864477667,-0.8060991048786678,-27.656658644776677
2020-01-09,43.8438,71.88275393687942,-0.886604707897238,-28.038953936879423
2020-01-10,44.195,72.41924542740307,0.5364914905236341,-28.22424542740307
2020-01-13,44.1325,71.51114662376047,-0.9080988036425991,-27.378646623760467
2020-01-14,44.7163,71.91092411847436,0.3997774947138931,-27.19462411847436
2020-01-15,44.715,71.88021399152052,-0.030710126953828965,-27.165213991520517
2020-01-16,44.0537,70.84785932526201,-1.0323546662585144,-26.794159325262008
2020-01-17,44.0525,70.36517556063338,-0.48268376462864204,-26.312675560633373
2020-01-22,45.0713,70.44181457024298,0.07663900960961217,-25.37051457024298
2020-01-23,46.02,70.52877347471423,0.08695890447125162,-24.508773474714225
2020-01-24,47.025,72.28004874300926,1.7512752682950312,-25.25504874300926
2020-01-27,49.3075,75.50234080438666,3.2222920613774044,-26.194840804386665
2020-01-28,46.6463,73.70792806231329,-1.7944127420733813,-27.06162806231329
2020-01-29,48.0163,74.1894175305311,0.4814894682178232,-26.1731175305311
2020-01-30,47.535,73.6638560146204,-0.5255615159107089,-26.128856014620396
2020-01-31,50.155,77.0872582589096,3.423402244289195,-26.9322582589096
2020-02-03,50.075,75.98069646856966,-1.106561790339935,-25.90569646856966
2020-02-04,47.0606,73.5061669354564,-2.474529533113255,-26.445566935456405
2020-02-05,44.8555,71.80622052562353,-1.6999464098328707,-26.95072052562353
2020-02-06,45.335,71.45395929993978,-0.3522612256837465,-26.11895929993978
2020-02-07,46.1287,72.54711952683046,1.0931602268906622,-26.418419526830455
2020-02-10,45.2713,71.67658799087687,-0.8705315359535791,-26.40528799087687
2020-02-11,44.8338,71.46376003235537,-0.21282795852150677,-26.62996003235537
2020-02-12,43.81,70.24481229351055,-1.2189477388448158,-26.434812293510547
2020-02-13,43.75,70.67845712211209,0.43364482860154757,-26.928457122112093
2020-02-14,44.2663,70.51883608709802,-0.15962103501406733,-26.252536087098022
2020-02-19,44.5175,69.87085346691374,-0.6479826201842793,-25.353353466913745
2020-02-20,45.3563,70.92740737423094,1.0565539073171892,-25.57110737423094
2020-02-21,46.5462,72.86024289428016,1.932835520049231,-26.314042894280163
2020-02-24,53.0713,79.52965453365175,6.6694116393715825,-26.45835453365175
2020-02-25,55.4087,83.97048702936715,4.4408324957154015,-28.561787029367146
2020-02-26,57.685,84.50226623314677,0.5317792037796228,-26.817266233146768
2020-02-27,64.5813,93.00784510374172,8.505578870594933,-28.426545103741717
2020-02-28,66.4775,94.72934318740823,1.7214980836665292,-28.251843187408227
2020-03-02,64.6,88.06281910043633,-6.666524086971912,-23.462819100436334
2020-03-03,71.3262,92.9174715588565,4.854652458420182,-21.591271558856505
2020-03-04,65.835,86.8701487745273,-6.047322784329215,-21.0351487745273
2020-03-05,73.2525,93.33409145201614,6.463942677488835,-20.08159145201614
2020-03-06,83.1575,96.44375653312522,3.109665081109092,-13.286256533125226
2020-03-09,110.9398,108.84237153638054,12.398615003255314,2.0974284636194653
2020-03-10,106.75,101.13765109140084,-7.704720444979703,5.612348908599159
2020-03-11,117.4175,107.89010664712504,6.752455555724203,9.527393352874967
2020-03-12,138.875,123.40824912343257,15.518142476307533,15.466750876567431
2020-03-13,107.4883,109.93095988600757,-13.477289237425001,-2.4426598860075757
2020-03-16,124.2263,129.09575145697266,19.164791570965093,-4.869451456972669
2020-03-17,123.2325,121.00339388430625,-8.092357572666415,2.229106115693753
2020-03-18,140.9688,125.46694711118401,4.463553226877768,15.501852888815975
2020-03-19,141.8376,124.1759037501424,-1.291043361041622,17.661696249857613
2020-03-20,151.7975,127.4764685390897,3.300564788947296,24.32103146091032
2020-03-23,121.5625,128.97085867835665,1.4943901392669598,-7.408358678356649
2020-03-24,107.9738,121.23808892016504,-7.73276975819161,-13.264288920165043
2020-03-25,103.1675,120.8916225606282,-0.34646635953682386,-17.724122560628203
2020-03-26,96.6575,114.70108898330946,-6.190533577318747,-18.043588983309462
2020-03-27,111.8887,119.77121924537535,5.070130262065882,-7.882519245375349
2020-03-30,107.875,114.36510303103907,-5.406116214336272,-6.4901030310390695
2020-03-31,113.0513,115.17222679183399,0.807123760794926,-2.1209267918339947
2020-04-01,126.1438,120.6174795752884,5.445252783454397,5.526320424711599
2020-04-02,123.3125,116.942639867825,-3.674839707463399,6.369860132175006
2020-04-03,127.55,117.29926755109034,0.3566276832653358,10.250732448909659
2020-04-06,116.9688,110.3722841973911,-6.92698335369924,6.596515802608906
2020-04-07,112.4925,110.8681902556649,0.4959060582737937,1.6243097443351076
2020-04-08,104.8863,106.60577605948717,-4.262414196177726,-1.7194760594871639
2020-04-09,81.8487,104.98143323375636,-1.6243428257308068,-23.13273323375637
2020-04-14,82.6075,101.19319004447283,-3.78824318928354,-18.585690044472827
2020-04-15,87.4163,104.7515344807062,3.5583444362333716,-17.33523448070619
2020-04-16,87.9275,104.04845224323768,-0.7030822374685073,-16.12095224323768
2020-04-17,86.9675,100.85044130318033,-3.198010940057349,-13.882941303180331
2020-04-20,93.474,104.41609242103067,3.5656511178503307,-10.942092421030665
2020-04-21,98.0625,108.1512894696107,3.7351970485800345,-10.088789469610703
2020-04-22,94.4812,104.87713591965863,-3.2741535499520737,-10.395935919658626
2020-04-23,93.6888,104.89618793419871,0.01905201454007924,-11.207387934198707
2020-04-24,94.1438,102.10704772845453,-2.7891402057441654,-7.963247728454533
2020-04-27,93.1675,99.79061806321502,-2.316429665239513,-6.623118063215017
2020-04-28,91.7812,100.63730743933479,0.8466893761197732,-8.856107439334792
2020-04-29,86.885,97.30667872456979,-3.3306287147650004,-10.421678724569787
2020-04-30,86.9788,99.12005789513,1.8133791705602074,-12.141257895129996
2020-05-01,90.4,103.04653571212967,3.9264778169996553,-12.646535712129662
2020-05-04,90.8963,102.30614299040141,-0.7403927217282595,-11.409842990401415
2020-05-05,90.065,100.73360952108229,-1.5725334693191135,-10.668609521082288
2020-05-06,93.2237,101.55369060332876,0.8200810822464661,-8.329990603328767
2020-05-07,92.1688,99.96070319819844,-1.5929874051303077,-7.79190319819844
2020-05-08,90.98,97.20325429699031,-2.757448901208147,-6.223254296990305
2020-05-11,92.61,97.05338218642852,-0.14987211056177865,-4.443382186428522
2020-05-12,93.3034,100.926208568654,3.8728263822254854,-7.622808568654008
2020-05-13,96.7088,103.44862303379034,2.5224144651363263,-6.739823033790344
2020-05-14,95.3238,101.7366381447691,-1.7119848890212306,-6.412838144769097
2020-05-15,95.8063,101.159425028833,-0.5772131159361011,-5.353125028833006
2020-05-18,90.4163,96.99244496821038,-4.166980060622615,-6.576144968210372
2020-05-19,90.0,98.64559272779778,1.6531477595873827,-8.645592727797776
2020-05-20,83.95,96.30524816408868,-2.3403445637090887,-12.355248164088678
2020-05-21,85.9575,97.65283297160367,1.347584807514992,-11.695332971603676
2020-05-22,87.2063,97.1537694033116,-0.49906356829207416,-9.947469403311601
2020-05-27,78.9425,95.55971795034435,-1.594051452967251,-16.617217950344354
2020-05-28,77.9463,96.11072818645656,0.5510102361121995,-18.16442818645656
2020-05-29,77.3999,95.50144796203682,-0.6092802244197171,-18.10154796203682
2020-06-01,78.8513,95.34287448276675,-0.1585734792700924,-16.49157448276675
2020-06-02,75.6413,94.05698668517641,-1.2858877975903271,-18.41568668517641
2020-06-03,73.04,92.08088398999766,-1.9761026951787453,-19.040883989997653
2020-06-04,72.4451,92.3354060444729,0.25452205447522824,-19.890306044472908
2020-06-05,64.9613,88.8891630106649,-3.4462430338079884,-23.927863010664908
2020-06-08,66.6363,87.96577903787511,-0.9233839727897921,-21.329479037875103
2020-06-09,72.3575,89.60494095399444,1.6391619161193274,-17.24744095399444
2020-06-10,74.5222,90.63108430909483,1.0261433551003964,-16.108884309094833
2020-06-11,81.615,101.18924905867378,10.558164749578944,-19.574249058673786
2020-06-12,78.9575,98.491243281283,-2.6980057773907657,-19.53374328128301
2020-06-15,69.8888,97.15513886728729,-1.3361044139957226,-27.26633886728729
2020-06-16,69.1837,94.82784040401484,-2.327298463272456,-25.644140404014834
2020-06-17,71.435,95.30725339303208,0.4794129890172455,-23.872253393032082
2020-06-18,74.5612,95.26906061487452,-0.038192778157558026,-20.70786061487452
2020-06-19,78.5512,96.61542149487266,1.3463608799981408,-18.06422149487267
2020-06-22,76.13,95.01727626365306,-1.5981452312195985,-18.887276263653064
2020-06-23,74.9463,94.49140611784205,-0.5258701458110103,-19.545106117842053
2020-06-24,78.5075,98.25727895777203,3.7658728399299695,-19.749778957772037
2020-06-25,78.2263,96.67734851162497,-1.5799304461470556,-18.451048511624975
2020-06-26,80.8863,100.279636156685,3.6022876450600334,-19.393336156684995
2020-06-29,78.9488,98.04258217059883,-2.237053986086164,-19.09378217059883
2020-06-30,75.8788,95.96184537847454,-2.080736792124298,-20.083045378474537
2020-07-01,74.9275,94.91793760767177,-1.0439077708027635,-19.99043760767178
2020-07-02,74.131,94.26254423329758,-0.6553933743742038,-20.131544233297575
2020-07-07,74.4,96.09445473144363,1.8319104981460639,-21.694454731443628
2020-07-08,72.4475,94.84431618854815,-1.250138542895482,-22.396816188548144
2020-07-09,74.9887,96.04840958267367,1.2040933941255245,-21.059709582673676
2020-07-10,73.6885,94.3041205643268,-1.7442890183468736,-20.61562056432679
2020-07-13,74.7888,96.85716239157345,2.5530418272466586,-22.06836239157346
2020-07-14,74.16,94.67195688397429,-2.1852055075991608,-20.511956883974293
2020-07-15,72.05,93.21432847305286,-1.4576284109214228,-21.164328473052862
2020-07-16,72.7312,93.79925052065533,0.5849220476024597,-21.068050520655333
2020-07-17,71.4588,92.89615069955045,-0.9030998211048747,-21.43735069955045
2020-07-20,70.0625,91.7095537905575,-1.1865969089929589,-21.647053790557493
2020-07-21,70.125,91.72684236457788,0.01728857402038846,-21.601842364577877
2020-07-22,69.1688,90.9854845562976,-0.741357808280273,-21.816684556297602
2020-07-23,69.485,93.05076109416868,2.065276537871065,-23.56576109416868
2020-07-24,70.4,93.75773004983502,0.7069689556663487,-23.357730049835013
2020-07-27,70.2862,92.59674115466726,-1.1609888951677523,-22.310541154667263
2020-07-28,71.7625,93.74040105384188,1.14365989917461,-21.977901053841876
2020-07-29,69.6488,92.03182673612955,-1.7085743177123232,-22.38302673612955
2020-07-30,69.949,92.82982983089346,0.798003094763909,-22.88082983089346
2020-07-31,69.2825,91.99805027354611,-0.8317795573473531,-22.715550273546114
2020-08-03,67.8,91.09133409669833,-0.9067161768477747,-23.291334096698336
2020-08-04,66.29,90.74587838678895,-0.3454557099093959,-24.45587838678894
2020-08-05,64.9975,89.71311260831511,-1.032765778473823,-24.715612608315112
2020-08-06,64.5763,88.96420121559814,-0.7489113927169705,-24.387901215598134
2020-08-07,64.8963,88.74661854859089,-0.21758266700726062,-23.85031854859089
2020-08-10,65.8088,88.43112740605473,-0.31549114253615296,-22.622327406054723
2020-08-11,66.635,89.76730939014159,1.3361819840868632,-23.132309390141586
2020-08-12,65.2175,87.57158258332026,-2.1957268068213245,-22.354082583320263
2020-08-13,67.0438,87.71463722852145,0.14305464520118222,-20.67083722852145
2020-08-14,67.8,87.84666204926104,0.13202482073958574,-20.046662049261045
2020-08-17,66.5613,87.46592759999446,-0.3807344492665757,-20.904627599994456
2020-08-18,66.1013,87.36872463931958,-0.09720296067487877,-21.267424639319586
2020-08-19,67.5938,88.22717017924224,0.8584455399226513,-20.633370179242235
2020-08-20,67.5175,88.05147410170656,-0.17569607753567165,-20.533974101706562
2020-08-21,67.5375,87.72674662998321,-0.32472747172334837,-20.189246629983217
2020-08-24,66.2463,86.44211498741026,-1.2846316425729467,-20.19581498741026
2020-08-25,65.9813,85.89522464944706,-0.5468903379632079,-19.913924649447054
2020-08-26,66.5762,85.01942364528801,-0.8758010041590525,-18.443223645288015
2020-08-27,67.62,85.00321515478629,-0.01620849050171861,-17.383215154786285
2020-08-28,66.5225,83.94954071233244,-1.0536744424538567,-17.427040712332442
2020-08-31,65.0613,85.28561492666805,1.336074214335608,-20.224314926668043
2020-09-01,62.0325,84.44291257752701,-0.8427023491410301,-22.410412577527012
2020-09-02,62.0013,82.74730616094214,-1.695606416584854,-20.746006160942144
2020-09-03,65.8413,89.29991947078368,6.552613309841522,-23.458619470783674
2020-09-04,66.7025,89.35139182458506,0.05147235380139312,-22.648891824585064
2020-09-09,66.0388,86.22101756249506,-3.130374262090007,-20.18221756249507
2020-09-10,68.7875,88.7791342066383,2.5581166441432392,-19.99163420663831
2020-09-11,69.82,88.07486676833138,-0.7042674383069223,-18.254866768331382
2020-09-14,68.7025,86.30996228523315,-1.764904483098229,-17.607462285233154
2020-09-15,67.735,85.65699586768433,-0.6529664175488266,-17.92199586768433
2020-09-16,67.785,86.36850624715218,0.7115103794678548,-18.583506247152187
2020-09-17,69.725,87.61580936220199,1.2473031150497984,-17.890809362201992
2020-09-18,71.3713,88.85787125993886,1.2420618977368905,-17.486571259938856
2020-09-21,52.3825,90.92910597981971,2.071234719880841,-38.54660597981971
2020-09-22,52.5,89.49853263362914,-1.4305733461905619,-36.99853263362914
2020-09-23,57.5187,92.86551197663334,3.3669793430041954,-35.34681197663334
2020-09-24,58.3075,92.59938180313367,-0.2661301734996767,-34.29188180313367
2020-09-25,59.1175,90.2742015430171,-2.325180260116569,-31.1567015430171
2020-09-28,57.6738,88.39284925408786,-1.8813522889292378,-30.719049254087864
2020-09-29,60.3188,89.0843260722858,0.6914768181979448,-28.7655260722858
2020-09-30,59.2138,88.08468831748505,-0.999637754800751,-28.870888317485047
2020-10-01,58.6425,87.62570373395295,-0.45898458353209853,-28.983203733952948
2020-10-02,59.9013,89.05116116702034,1.4254574330673904,-29.14986116702034
2020-10-05,56.63,86.77566009890096,-2.2755010681193824,-30.145660098900954
2020-10-06,58.3625,89.12700849133633,2.3513483924353613,-30.76450849133633
2020-10-07,55.8525,86.54353456618729,-2.583473925149033,-30.69103456618729
2020-10-08,54.835,85.18147560183434,-1.36205896435296,-30.346475601834335
2020-10-09,53.205,83.8280955928649,-1.3533800089694323,-30.6230955928649
2020-10-14,56.145,84.83814494499296,1.0100493521280653,-28.69314494499296
2020-10-15,56.5675,85.24212205288656,0.4039771078935964,-28.674622052886555
2020-10-16,56.5913,85.37345709252634,0.1313350396397873,-28.78215709252634
2020-10-19,58.4688,87.89804706358714,2.5245899710607946,-29.42924706358714
2020-10-20,57.8404,87.38830777596195,-0.5097392876251965,-29.547907775961946
2020-10-21,57.115,87.42896661525907,0.04065883929712947,-30.31396661525907
2020-10-22,57.2025,86.60691870176845,-0.8220479134906149,-29.40441870176845
2020-10-23,56.5662,86.14380878233216,-0.46310991943629787,-29.577608782332156
2020-10-26,58.775,89.99818651023465,3.8543777279024924,-31.223186510234648
2020-10-27,59.9175,90.79371031775392,0.7955238075192647,-30.876210317753923
2020-10-28,63.845,97.03182944588262,6.238119128128705,-33.18682944588262
2020-10-29,65.1575,94.82064726725137,-2.21118217863125,-29.663147267251375
2020-10-30,65.4625,96.30050030338005,1.4798530361286708,-30.838000303380042
2020-11-02,63.0913,94.77872966825149,-1.5217706351285674,-31.68742966825149
2020-11-03,59.9125,92.12054444203989,-2.658185226211584,-32.208044442039885
2020-11-04,57.4638,88.34827491611617,-3.77226952592372,-30.88447491611617
2020-11-05,53.4625,85.47820639225293,-2.8700685238632517,-32.01570639225293
2020-11-06,53.3587,84.67890096464475,-0.7993054276081678,-31.320200964644755
2020-11-09,52.2225,83.17185390508459,-1.5070470595601573,-30.949353905084592
2020-11-10,52.9763,83.0500210239288,-0.12183288115578621,-30.073721023928805
2020-11-13,54.4763,80.73272667725018,-2.3172943466786275,-26.256426677250182
2020-11-16,52.0775,79.10219711329626,-1.6305295639539328,-27.024697113296256
2020-11-17,52.7,80.03253800242338,0.9303408891271305,-27.332538002423377
2020-11-18,54.5125,81.87257816209245,1.8400401596690743,-27.36007816209245
2020-11-19,53.8288,81.38118507322247,-0.4913930888699833,-27.552385073222467
2020-11-20,56.3438,82.51179877990035,1.1306137066778732,-26.167998779900344
2020-11-23,54.2825,81.4903587082564,-1.0214400716439593,-27.207858708256396
2020-11-24,51.6688,79.13082892957527,-2.359529778681121,-27.462028929575276
2020-11-25,52.205,79.3121964682338,0.18136753865852817,-27.107196468233795
2020-11-30,50.1063,79.92050509395315,0.608308625719355,-29.814205093953156
2020-12-01,49.9588,78.28783715427268,-1.6326679396804684,-28.329037154272683
2020-12-02,50.1413,78.21589341037085,-0.07194374390182663,-28.074593410370852
2020-12-03,49.8225,78.50526055967302,0.28936714930216906,-28.68276055967302
2020-12-04,49.9362,77.09597098069906,-1.4092895789739541,-27.159770980699065
2020-12-07,50.8549,77.71016059658206,0.6141896158829843,-26.855260596582056
2020-12-08,50.99,77.2483196524023,-0.46184094417975124,-26.2583196524023
2020-12-09,52.2025,78.76645788993744,1.518138237535148,-26.56395788993744
2020-12-10,52.9743,79.18123207945308,0.4147741895156289,-26.206932079453082
2020-12-11,53.846,79.69034055378924,0.5091084743361556,-25.844340553789245
2020-12-14,54.1934,80.73738038067624,1.0470398268870118,-26.543980380676246
2020-12-15,52.6188,78.57475771743961,-2.162622663236628,-25.95595771743961
2020-12-16,52.9438,78.28366845702035,-0.29108926041926514,-25.33986845702035
2020-12-17,52.515,77.38368059368736,-0.899987863332987,-24.86868059368736
2020-12-18,53.2775,77.79067349928143,0.40699290559406714,-24.51317349928142
2020-12-21,55.2,79.3956918245334,1.6050183252519648,-24.195691824533398
2020-12-22,55.78,79.55318997296263,0.1574981484292387,-23.773189972962626
2020-12-23,54.2483,79.19433140492222,-0.35885856804041166,-24.946031404922223
2020-12-24,53.9348,78.38518303796414,-0.8091483669580845,-24.450383037964137
2020-12-29,52.1838,79.08558320986332,0.7004001718991797,-26.901783209863318
2020-12-30,51.1375,78.94341318197755,-0.14217002788576383,-27.805913181977544
2020-12-31,49.8955,78.1722389774842,-0.771174204493346,-28.2767389774842
2021-01-05,51.7375,76.72724975525165,-1.4449892222325653,-24.98974975525165
2021-01-06,51.6125,75.69549590532323,-1.031753849928415,-24.08299590532323
2021-01-07,50.1175,72.90561697559532,-2.789878929727909,-22.788116975595322
2021-01-08,49.6528,71.90225288970852,-1.0033640858867985,-22.24945288970852
2021-01-11,51.1702,73.45655219054046,1.554299300831941,-22.286352190540462
2021-01-12,51.549,73.32581440563405,-0.13073778490640875,-21.77681440563405
2021-01-13,49.8362,72.93181967303106,-0.3939947326030015,-23.09561967303106
2021-01-14,50.0725,73.66698413338848,0.7351644603574293,-23.594484133388484
2021-01-15,51.9805,75.16883766877496,1.5018535353864693,-23.188337668774956
2021-01-20,50.7575,72.915255009692,-2.25358265908294,-22.157755009692004
2021-01-21,50.7513,72.79900249416363,-0.11625251552837866,-22.04770249416363
2021-01-22,51.0775,73.51647531295146,0.7174728187878248,-22.438975312951456
2021-01-25,51.75,73.61562267919794,0.09914736624648478,-21.86562267919794
2021-01-26,52.6862,73.82627512798841,0.2106524487904656,-21.14007512798841
2021-01-27,55.695,81.33671363312044,7.510438505132028,-25.64171363312044
2021-01-28,55.4358,78.12777633594312,-3.2089372971773122,-22.691976335943124
2021-01-29,56.0513,81.56959377383788,3.4418174378947626,-25.518293773837883
2021-02-01,54.9863,78.68848327333573,-2.8811105005021527,-23.702183273335734
2021-02-02,52.77,75.56045736686325,-3.128025906472482,-22.790457366863244
2021-02-03,52.6188,74.65670287438027,-0.9037544924829746,-22.037902874380272
2021-02-04,51.3425,72.92119431078643,-1.7355085635938488,-21.57869431078643
2021-02-05,50.8038,72.14049959210361,-0.780694718682818,-21.336699592103606
2021-02-08,50.2047,71.25128405708121,-0.8892155350224068,-21.046584057081205
2021-02-09,50.7798,71.62854411534401,0.3772600582628086,-20.84874411534401
2021-02-10,50.287,71.97286147640368,0.3443173610596706,-21.68586147640368
2021-02-11,50.2563,71.48229816231768,-0.4905633140860039,-21.225998162317673
2021-02-12,50.4196,70.4079918821468,-1.0743062801708836,-19.9883918821468
2021-02-17,50.2788,70.6917477637972,0.28375588165039595,-20.4129477637972
2021-02-18,50.9975,71.57914433789412,0.887396574096926,-20.58164433789412
2021-02-19,51.6208,71.66457446487263,0.0854301269785081,-20.043774464872627
2021-02-22,53.8,73.12180331981298,1.4572288549403538,-19.321803319812986
2021-02-23,52.8213,72.99730482422473,-0.1244984955882463,-20.176004824224727
2021-02-24,51.7075,70.89370337457258,-2.1036014496521585,-19.186203374572578
2021-02-25,56.225,75.96694309546,5.073239720887424,-19.741943095459995
2021-02-26,55.8725,76.84690343227385,0.8799603368138441,-20.974403432273846
2021-03-01,52.7113,72.39089080677161,-4.456012625502229,-19.679590806771607
2021-03-02,53.3688,73.8894375052903,1.4985466985186855,-20.520637505290303
2021-03-03,54.595,76.18420038794298,2.294762882652682,-21.58920038794298
2021-03-04,56.4938,78.35853742786729,2.174337039924306,-21.86473742786729
2021-03-05,53.645,74.73380740487796,-3.6247300229893242,-21.08880740487796
2021-03-08,56.155,75.67108257889382,0.9372751740158501,-19.516082578893815
2021-03-09,55.12,73.60807315838595,-2.063009420507871,-18.48807315838595
2021-03-10,52.9333,72.47853489007161,-1.129538268314332,-19.54523489007161
2021-03-11,52.5691,70.87072947936583,-1.60780541070578,-18.301629479365836
2021-03-12,52.6888,70.20136366504482,-0.6693658143210097,-17.512563665044823
2021-03-15,51.6072,69.23383782081156,-0.967525844233265,-17.62663782081156
2021-03-16,51.9751,69.43021062952721,0.19637280871565063,-17.455110629527212
2021-03-17,50.8915,68.8860221456983,-0.5441884838289075,-17.994522145698305
2021-03-18,52.47,71.4883848807928,2.6023627350944896,-19.018384880792794
2021-03-19,52.1063,71.44663569089603,-0.041749189896761525,-19.340335690896033
2021-03-22,57.475,70.06034115463578,-1.386294536260244,-12.585341154635778
2021-03-23,57.9673,71.83381888135438,1.7734777267185813,-13.866518881354374
2021-03-24,58.0859,72.9585647627935,1.1247458814391298,-14.872664762793498
2021-03-25,57.6437,71.85521591371679,-1.1033488490767012,-14.211515913716788
2021-03-26,56.3344,69.19971907657415,-2.655496837142637,-12.865319076574153
2021-03-29,56.1683,69.80515397094966,0.6054348943755063,-13.636853970949659
2021-03-30,56.5075,70.03831402416847,0.23316005321881186,-13.530814024168471
2021-03-31,53.985,69.41568796537729,-0.622626058791189,-15.430687965377288
2021-04-01,51.2363,67.45658392880972,-1.959104036567574,-16.22028392880972
2021-04-06,51.6188,67.87743776896362,0.4208538401539033,-16.258637768963617
2021-04-07,51.7975,67.43163215115247,-0.44580561781114253,-15.634132151152471
2021-04-08,50.9851,67.00015445167165,-0.4314776994808218,-16.015054451671645
2021-04-09,50.8787,65.73917582337052,-1.2609786283011393,-14.860475823370514
2021-04-12,50.98,65.86580989450025,0.12663407112973765,-14.885809894500248
2021-04-13,51.2238,65.55077943740014,-0.31503045710010763,-14.32697943740014
2021-04-14,51.1456,66.27563256737957,0.7248531299794232,-15.130032567379573
2021-04-15,49.995,64.75733913186464,-1.5182934355149216,-14.762339131864643
2021-04-16,50.32,64.19147394571156,-0.5658651861530867,-13.871473945711564
2021-04-19,50.72,65.27863895014812,1.0871650044365588,-14.558638950148122
2021-04-20,52.0913,66.89828659206128,1.619647641913159,-14.806986592061286
2021-04-21,51.505,65.28656782722214,-1.6117187648391358,-13.78156782722214
2021-04-22,52.0471,67.12372557503494,1.8371577478127956,-15.076625575034939
2021-04-23,51.1627,65.12776082429328,-1.9959647507416591,-13.965060824293275
2021-04-26,51.1425,64.98246598950932,-0.14529483478395785,-13.839965989509324
2021-04-27,51.5342,64.88875741954476,-0.09370856996456704,-13.354557419544761
2021-04-28,50.8058,65.07493329687935,0.18617587733459626,-14.269133296879353
2021-04-29,50.0388,64.14014239781987,-0.9347908990594778,-14.10134239781987
2021-04-30,50.4321,65.60679043818834,1.4666480403684747,-15.174690438188343
2021-05-03,50.2629,65.27402795490293,-0.33276248328541685,-15.011127954902932
2021-05-04,50.7889,66.69806093246811,1.4240329775651783,-15.909160932468112
2021-05-05,51.072,66.66452413656674,-0.03353679590137291,-15.592524136566738
2021-05-06,51.2788,65.2963163250139,-1.3682078115528347,-14.017516325013908
2021-05-07,50.3625,63.784431135519924,-1.511885189493975,-13.421931135519927
2021-05-10,51.8613,66.16956310744743,2.3851319719275117,-14.30826310744743
2021-05-11,52.27,68.07618029019326,1.90661718274582,-15.80618029019326
2021-05-12,53.7921,72.68800837627613,4.611828086082876,-18.895908376276132
2021-05-13,52.3025,69.90330011430598,-2.7847082619701586,-17.600800114305976
2021-05-14,50.6698,66.69918213633248,-3.2041179779734956,-16.02938213633248
2021-05-17,51.5319,67.32946730451218,0.6302851681797041,-15.797567304512178
2021-05-18,52.5363,69.16208660404722,1.8326192995350363,-16.62578660404722
2021-05-19,52.9412,69.78804211404935,0.6259555100021278,-16.846842114049345
2021-05-20,52.265,68.04812726729848,-1.7399148467508674,-15.783127267298482
2021-05-21,52.44,68.10983576179812,0.061708494499639416,-15.669835761798126
2021-05-24,51.3713,66.2913320167967,-1.8185037450014188,-14.920032016796704
2021-05-25,51.9925,66.9495391880075,0.6582071712108131,-14.957039188007506
2021-05-26,51.65,66.28574759801207,-0.6637915899954461,-14.635747598012067
2021-05-27,50.9388,65.92455745078924,-0.36119014722282816,-14.985757450789237
2021-05-28,50.6213,65.93304867479938,0.008491224010144195,-15.311748674799382
2021-06-02,50.0778,65.73792026592066,-0.19512840887871533,-15.66012026592066
2021-06-03,50.8988,66.38487743022525,0.6469571643045823,-15.486077430225244
2021-06-04,50.1738,64.91999989051375,-1.4648775397114995,-14.74619989051375
2021-06-07,50.4212,65.0638663269342,0.14386643642045216,-14.642666326934204
2021-06-08,50.4468,65.39466498646671,0.3307986595325139,-14.947864986466705
2021-06-09,50.225,66.10257331970054,0.7079083332338201,-15.877573319700538
2021-06-10,48.9115,65.17872377671206,-0.9238495429884752,-16.267223776712065
2021-06-11,48.2871,64.77606307631777,-0.40266070039429075,-16.488963076317766
2021-06-14,48.62,64.62941997441015,-0.1466431019076176,-16.009419974410157
2021-06-15,48.6618,65.18809902976642,0.558679055356273,-16.52629902976642
2021-06-16,49.3225,66.08703811112775,0.8989390813613245,-16.764538111127756
2021-06-17,49.6463,66.34676345811043,0.2597253469826857,-16.700463458110434
2021-06-18,50.9318,69.37435101815356,3.0275875600431283,-18.44255101815356
2021-06-21,49.51,66.43637972185428,-2.937971296299281,-16.926379721854282
2021-06-22,49.055,65.50562227419198,-0.9307574476623021,-16.45062227419198
2021-06-23,48.7563,65.55470272302304,0.04908044883106053,-16.798402723023038
2021-06-24,47.99,64.62276947413578,-0.93193324888726,-16.632769474135777
2021-06-25,47.2147,63.99648621958077,-0.6262832545550137,-16.781786219580766
2021-06-28,47.8423,63.90984682445356,-0.0866393951272056,-16.067546824453558
2021-06-29,47.8363,64.03904732470419,0.12920050025063,-16.202747324704184
2021-06-30,47.6813,63.866148988741806,-0.17289833596238147,-16.184848988741805
2021-07-01,47.6138,63.06415550781228,-0.8019934809295286,-15.450355507812283
2021-07-02,46.8875,61.983515677429565,-1.0806398303827107,-15.096015677429563
2021-07-07,47.9381,61.574524692183005,-0.4089909852465639,-13.636424692183006
2021-07-08,49.0137,63.84232910439806,2.2678044122150594,-14.828629104398061
2021-07-09,48.004,61.176337773843976,-2.6659913305540863,-13.172337773843978
2021-07-12,47.9225,60.67680055575577,-0.4995372180882117,-12.75430055575577
2021-07-13,48.585,61.381122092714236,0.7043215369584671,-12.796122092714235
2021-07-14,48.6025,61.30548856120831,-0.07563353150592508,-12.702988561208308
2021-07-15,49.35,62.22598955377374,0.9205009925654357,-12.875989553773742
2021-07-16,50.055,63.902404300508884,1.6764147467351374,-13.847404300508884
2021-07-19,52.285,67.86421757534578,3.9618132748368873,-15.57921757534578
2021-07-20,50.7238,64.77808591213768,-3.0861316632080857,-14.054285912137686
2021-07-21,48.8863,62.87022002866991,-1.9078658834677698,-13.983920028669914
2021-07-22,49.1325,62.60967316275475,-0.2605468659151634,-13.477173162754752
2021-07-23,48.4163,60.96342866447712,-1.6462444982776312,-12.547128664477121
2021-07-26,48.6556,60.72701427568691,-0.23641438879020443,-12.071414275686912
2021-07-27,49.6163,62.16927690677878,1.442262631091862,-12.552976906778774
2021-07-28,49.0499,62.02458912952472,-0.14468777725405602,-12.97468912952472
2021-07-29,48.995,61.155739005713514,-0.8688501238112049,-12.160739005713516
2021-07-30,49.79,62.40209506360633,1.2463560578928168,-12.612095063606333
2021-08-02,49.8453,63.25343014295223,0.8513350793458999,-13.408130142952231
2021-08-03,49.7772,61.66721610972815,-1.5862140332240804,-11.890016109728151
2021-08-04,50.4388,62.41944734146108,0.7522312317329279,-11.98064734146108
2021-08-05,49.6251,61.214674134939735,-1.2047732065213468,-11.589574134939731
2021-08-06,49.0214,60.4796209376926,-0.7350531972471349,-11.458220937692602
2021-08-09,49.435,60.76839610883513,0.2887751711425256,-11.333396108835124
2021-08-10,50.3388,60.60619654289151,-0.16219956594361204,-10.267396542891511
2021-08-11,49.8975,60.170072300729835,-0.43612424216167756,-10.272572300729834
2021-08-12,49.04,59.55342774151265,-0.6166445592171819,-10.51342774151265
2021-08-13,48.4,59.60416665270706,0.050738911194408355,-11.204166652707059
2021-08-16,48.8225,59.469497400137286,-0.13466925256977424,-10.646997400137288
2021-08-17,49.7113,61.176448352928034,1.7069509527907483,-11.465148352928033
2021-08-18,50.5425,63.9694443353684,2.792995982440366,-13.426944335368404
2021-08-19,50.4675,63.91710046961131,-0.05234386575708956,-13.449600469611312
2021-08-20,49.6525,61.822154761391594,-2.0949457082197145,-12.169654761391591
2021-08-23,48.5488,60.16391152390244,-1.6582432374891547,-11.615111523902442
2021-08-24,48.4863,59.88771153890928,-0.2761999849931642,-11.40141153890928
2021-08-25,47.8212,59.33032864945811,-0.5573828894511679,-11.509128649458113
2021-08-26,48.4781,60.87289512635095,1.5425664768928353,-12.39479512635095
2021-08-27,46.56,59.026109245478125,-1.8467858808728175,-12.466109245478123
2021-08-30,46.1813,58.44979516359345,-0.5763140818846788,-12.26849516359345
2021-08-31,46.1,58.72744745037466,0.27765228678121434,-12.62744745037466
2021-09-01,46.0825,58.69996399024431,-0.027483460130349406,-12.61746399024431
2021-09-02,46.3826,58.42871563268876,-0.2712483575555557,-12.04611563268876
2021-09-03,46.8608,58.43864286623591,0.009927233547151556,-11.577842866235912
2021-09-08,46.7163,58.79378626809229,0.3551434018563806,-12.077486268092294
2021-09-09,46.9338,59.97336778257046,1.1795815144781705,-13.039567782570465
2021-09-10,47.2988,61.74063004576478,1.767262263194323,-14.441830045764782
2021-09-13,46.7076,61.07598038635887,-0.6646496594059146,-14.368380386358872
2021-09-14,46.9175,62.242177324903714,1.1661969385448445,-15.324677324903718
2021-09-15,46.1788,60.56280625654572,-1.679371068357996,-14.384006256545717
2021-09-16,46.1338,60.90116841015807,0.3383621536123527,-14.76736841015807
2021-09-17,46.7613,62.938390569178694,2.0372221590206205,-16.177090569178695
2021-09-20,53.7487,67.21390895639634,4.275518387217644,-13.465208956396339
2021-09-21,53.1562,67.02039434753544,-0.19351460886089852,-13.864194347535445
2021-09-22,51.4288,64.70629384914905,-2.3141004983863915,-13.277493849149046
2021-09-23,50.8563,61.83404286460441,-2.8722509845446287,-10.977742864604416
2021-09-24,50.9663,61.365975731440514,-0.46806713316389936,-10.399675731440517
2021-09-27,50.9463,62.04443885814419,0.678463126703672,-11.098138858144189
2021-09-28,52.085,66.41063911132846,4.366200253184278,-14.325639111328464
2021-09-29,52.1813,66.1327119550285,-0.277927156299972,-13.951411955028497
2021-09-30,53.2487,68.34631389702665,2.2136019419981543,-15.097613897026648
2021-10-01,52.3663,66.19440097670258,-2.1519129203240674,-13.82810097670258
2021-10-04,53.315,68.72940170265291,2.5350007259503204,-15.41440170265291
2021-10-05,53.7438,66.57506756452028,-2.154334138132627,-12.831267564520282
2021-10-06,53.7425,65.93642675725572,-0.6386408072645606,-12.193926757255717
2021-10-07,53.2925,64.13879273316275,-1.797634024092969,-10.846292733162748
2021-10-08,53.8925,64.17637407125491,0.037581338092172324,-10.283874071254914
2021-10-13,54.1237,63.55819438227721,-0.6181796889777116,-9.434494382277208
2021-10-14,52.14,60.54668528641633,-3.0115090958608772,-8.406685286416327
2021-10-15,52.1587,59.0566229679829,-1.4900623184334338,-6.897922967982893
2021-10-18,52.145,58.46740656506597,-0.589216402916927,-6.322406565065968
2021-10-19,51.4913,57.095456760463655,-1.3719498046023106,-5.604156760463653
2021-10-20,51.24,56.47025016877608,-0.6252065916875762,-5.230250168776081
2021-10-21,51.6514,55.7163743896762,-0.7538757790998858,-4.064974389676195
2021-10-22,52.085,56.29930530311364,0.5829309134374435,-4.21430530311364
2021-10-25,51.36,55.566772752949824,-0.7325325501638137,-4.206772752949824
2021-10-26,50.975,55.6105476228608,0.04377486991097672,-4.635547622860798
2021-10-27,51.5875,56.92769724680819,1.3171496239473846,-5.340197246808188
2021-10-28,51.2212,55.165636909140005,-1.7620603376681847,-3.944436909140002
2021-10-29,52.2825,54.917664151519645,-0.24797275762036006,-2.6351641515196462
2021-11-01,52.5625,54.727055239394765,-0.19060891212487957,-2.1645552393947654
2021-11-02,51.9763,54.15906850334522,-0.5679867360495424,-2.1827685033452155
2021-11-03,50.8776,52.7223760749259,-1.4366924284193254,-1.8447760749258961
2021-11-04,50.3525,52.465315520086406,-0.257060554839489,-2.112815520086407
2021-11-05,49.4113,52.44372361267145,-0.021591907414959883,-3.032423612671451
2021-11-08,49.4675,52.4114882024195,-0.03223541025194701,-2.943988202419497
2021-11-09,50.1464,53.41820284135083,1.006714638931335,-3.2718028413508335
2021-11-10,51.3737,54.692993636400246,1.2747907950494102,-3.3192936364002463
2021-11-15,50.7637,54.66036490951607,-0.03262872688417633,-3.896664909516069
2021-11-16,50.6375,53.993112877598236,-0.6672520319178349,-3.355612877598233
2021-11-17,50.9725,54.86699323378376,0.8738803561855244,-3.8944932337837628
2021-11-18,51.085,54.508620283332775,-0.3583729504509853,-3.423620283332774
2021-11-19,51.76,55.016915174876885,0.5082948915441124,-3.2569151748768874
2021-11-22,52.6712,55.65821443034267,0.6412992554657845,-2.9870144303426684
2021-11-23,53.01,55.34740694481013,-0.3108074855325393,-2.337406944810134
2021-11-24,53.02,54.88850447466209,-0.45890247014803537,-1.868504474662089
2021-11-29,55.0825,51.19600458452497,-3.6924998901371184,3.886495415475032
2021-11-30,57.6873,55.67326417356979,4.47725958904482,2.0140358264302094
2021-12-01,58.6625,58.8962518255579,3.222987651988102,-0.23375182555789564
2021-12-02,57.3325,55.618141270256835,-3.2781105553010588,1.714358729743168
2021-12-03,58.4562,58.158113802742655,2.5399725324858196,0.29808619725734786
2021-12-06,56.1013,55.051544125815354,-3.106569676927302,1.0497558741846476
2021-12-07,53.6025,50.090909339298825,-4.96063478651653,3.5115906607011738
2021-12-08,53.5688,48.97799420743537,-1.1129151318634498,4.59080579256463
2021-12-09,54.7,50.78329520334042,1.8053009959050481,3.9167047966595803
2021-12-10,53.3675,48.560506039768995,-2.222789163571428,4.806993960231004
2021-12-13,53.4875,50.85691556503744,2.2964095252684475,2.6305844349625573
2021-12-14,53.9913,52.51271905949058,1.655803494453138,1.4785809405094241
2021-12-15,52.3372,49.099048089084846,-3.4136709704057338,3.238151910915157
2021-12-16,52.4087,51.20303789764167,2.103989808556824,1.2056621023583318
2021-12-17,52.6287,53.28115718207385,2.078119284432176,-0.6524571820738458
2021-12-20,53.3275,55.54599607766488,2.2648388955910326,-2.2184960776648808
2021-12-21,51.775,52.04039829789146,-3.505597779773419,-0.2653982978914584
2021-12-22,50.7625,49.805680056989054,-2.234718240902405,0.9568199430109487
2021-12-23,49.805,48.49400513558078,-1.311674921408282,1.3109948644192215
2021-12-28,49.3787,48.638479873579385,0.1444747379986073,0.740220126420617
2021-12-29,49.4888,48.10719378366416,-0.5312860899152201,1.3816062163358396
2021-12-30,49.8013,48.952260072189446,0.8450662885252849,0.8490399278105514
2021-12-31,49.5713,49.442019151522416,0.4897590793329738,0.1292808484775847
2022-01-03,49.5288,47.85547023434259,-1.5865489171798322,1.6733297656574067
2022-01-04,49.555,48.07562715283101,0.22015691848842445,1.4793728471689889
2022-01-05,51.7299,52.0151474887447,3.939520335913687,-0.2852474887447016
2022-01-06,51.7363,52.13278897924097,0.11764149049627451,-0.3964889792409707
2022-01-07,52.6138,52.54653173687939,0.41374275763841223,0.06726826312061007
2022-01-10,52.51,53.013571725469205,0.4670399885898213,-0.5035717254692074
2022-01-11,51.6738,51.36541711239219,-1.6481546130770197,0.30838288760781296
2022-01-12,51.25,50.68798455561432,-0.6774325567778626,0.5620154443856791
2022-01-13,53.1475,54.06408390774383,3.3760993521295037,-0.9165839077438278
2022-01-14,53.4175,53.37545932925583,-0.6886245784879961,0.04204067074416429
2022-01-19,55.7738,55.35049486313723,1.975035533881399,0.4233051368627727
2022-01-20,57.5438,57.915879733817796,2.5653848706805635,-0.3720797338177988
2022-01-21,58.4404,62.09520059196062,4.179320858142826,-3.6548005919606226
2022-01-24,57.945,62.00830955121786,-0.08689104074275751,-4.063309551217863
2022-01-25,58.9725,64.31772785779631,2.3094183065784546,-5.345227857796317
2022-01-26,60.45,64.40877547347515,0.09104761567882513,-3.958775473475143
2022-01-27,62.445,65.09670513101648,0.687929657541341,-2.6517051310164774
2022-01-28,61.075,60.729792622166634,-4.366912508849851,0.3452073778333684
2022-01-31,60.1463,56.98996998613899,-3.739822636027647,3.156330013861009
2022-02-01,58.38,55.15879800664922,-1.8311719794897614,3.221201993350782
2022-02-02,59.7687,53.77220433593652,-1.3865936707126998,5.996495664063481
2022-02-03,62.3988,58.28342961624808,4.511225280311556,4.115370383751923
2022-02-04,63.7038,56.85808117985153,-1.4253484363965467,6.84571882014847
2022-02-07,63.57,57.4434615010675,0.5853803212159729,6.126538498932497
2022-02-08,62.9588,55.57787260437362,-1.8655888966938872,7.3809273956263795
2022-02-09,61.5037,52.93149431550791,-2.6463782888657077,8.57220568449209
2022-02-10,65.58,56.56565758873742,3.6341632732295097,9.014342411262575
2022-02-11,67.8363,61.01338651468333,4.447728925945915,6.822913485316661
2022-02-14,67.535,61.73951101470716,0.726124500023823,5.795488985292835
2022-02-15,65.8491,58.43108186479752,-3.3084291499096428,7.418018135202487
2022-02-16,65.255,58.06077184194394,-0.37031002285357656,7.194228158056056
2022-02-17,67.6413,62.87764880637556,4.81687696443162,4.76365119362444
2022-02-18,68.8975,64.08912378799579,1.2114749816202321,4.808376212004205
2022-02-23,70.6612,67.40771524261402,3.318591454618232,3.2534847573859764
2022-02-24,68.48,65.11794258551942,-2.289772657094604,3.3620574144805886
2022-02-25,66.4438,61.0158432842265,-4.102099301292922,5.427956715773497
2022-02-28,67.6675,62.732544140368816,1.716700856142323,4.934955859631188
2022-03-01,71.9341,66.49720046151222,3.764656321143395,5.436899538487779
2022-03-02,69.4638,62.344021469456614,-4.153178992055601,7.1197785305433925
2022-03-03,71.0137,63.27856571148467,0.9345442420280514,7.735134288515333
2022-03-04,74.4375,65.39810285174448,2.119537140259817,9.039397148255517
2022-03-07,77.8063,71.07818942072682,5.680086568982327,6.728110579273178
2022-03-08,76.3412,71.62504681491008,0.546857394183273,4.716153185089922
2022-03-09,71.7913,66.6991342451402,-4.925912569769881,5.092165754859806
2022-03-10,73.3587,66.71863816707811,0.019503921937911776,6.640061832921887
2022-03-11,74.8463,68.85763492949513,2.138996762417012,5.988665070504865
2022-03-14,75.4025,69.7852875673019,0.9276526378067806,5.617212432698096
2022-03-15,72.825,66.09391526382933,-3.6913723034725723,6.731084736170672
2022-03-16,67.32,61.65502132158065,-4.438893942248688,5.664978678419345
2022-03-17,65.3125,59.65052253701601,-2.0044987845646385,5.661977462983991
2022-03-18,64.2325,57.42782909400814,-2.222693443007867,6.804670905991863
2022-03-21,72.0825,56.86191784543813,-0.5659112485700154,15.220582154561868
2022-03-22,69.7113,54.62321435778083,-2.238703487657295,15.088085642219163
2022-03-23,71.915,57.213685862761224,2.590471504980395,14.701314137238782
2022-03-24,70.8288,54.18298779885823,-3.0306980639029946,16.645812201141773
2022-03-25,72.085,52.74871996332891,-1.4342678355293232,19.336280036671084
2022-03-28,70.2663,51.324513330576906,-1.4242066327520018,18.941786669423095
2022-03-29,66.0425,49.33779059647725,-1.9867227340996592,16.704709403522756
2022-03-30,66.2925,50.78043674094898,1.4426461444717325,15.512063259051025
2022-03-31,67.2377,53.79673314455649,3.016296403607515,13.440966855443513
2022-04-01,66.4988,52.80421399278781,-0.9925191517686837,13.694586007212195
2022-04-04,63.8338,51.26581396894352,-1.538400023844287,12.567986031056478
2022-04-05,66.135,53.51752819930767,2.251714230364145,12.617471800692336
2022-04-06,67.4563,55.35894505676019,1.8414168574525218,12.097354943239807
2022-04-07,68.2188,54.42648688035757,-0.9324581764026187,13.79231311964243
2022-04-08,70.6,54.63504829777243,0.20856141741485754,15.964951702227566
2022-04-11,72.8238,58.08649999999836,3.451451702225933,14.737300000001646
2022-04-12,72.8175,58.95428790381421,0.8677879038158537,13.863212096185784
2022-04-13,71.5187,56.72898158096056,-2.2253063228536556,14.789718419039438
2022-04-14,72.8637,58.490543277545605,1.7615616965850485,14.37315672245439
2022-04-19,74.2675,55.3971352370389,-3.093408040506706,18.870364762961096
2022-04-20,72.7175,55.62636846418535,0.2292332271464455,17.091131535814654
2022-04-21,75.92,58.35962430973414,2.7332558455487868,17.560375690265865
2022-04-22,79.5288,64.37033979801316,6.010715488279029,15.158460201986841
2022-04-25,76.8625,63.5336502191099,-0.8366895789032583,13.328849780890096
2022-04-26,82.1875,70.18566116885077,6.652010949740872,12.001838831149229
2022-04-27,82.0001,68.97197882280771,-1.2136823460430672,13.02812117719229
2022-04-28,80.9011,64.87866049271955,-4.093318330088165,16.022439507280453
2022-04-29,83.6488,71.03838931852886,6.159728825809318,12.610410681471137
2022-05-02,82.89,69.82559591072196,-1.212793407806905,13.064404089278042
2022-05-03,80.4212,68.32409555792081,-1.5015003528011486,12.097104442079186
2022-05-04,78.2012,63.13526819068171,-5.188827367239105,15.065931809318293
2022-05-05,83.45,70.02918959742074,6.893921406739036,13.420810402579264
2022-05-06,86.8775,70.37322996390162,0.3440403664808762,16.504270036098376
2022-05-09,89.2051,76.88034860508364,6.507118641182025,12.324751394916362
2022-05-10,87.2088,76.24235561347093,-0.6379929916127107,10.966444386529062
2022-05-11,87.7888,78.75967841332012,2.5173227998491834,9.029121586679878
2022-05-12,87.3,79.1265735846938,0.36689517137368377,8.173426415306196
2022-05-13,85.39,74.80242688013544,-4.324146704558367,10.587573119864558
2022-05-16,86.3813,75.19903053590886,0.39660365577342765,11.182269464091135
2022-05-17,83.8438,71.53591683219949,-3.663113703709372,12.307883167800512
2022-05-18,90.7862,79.22111022160308,7.68519338940359,11.56508977839691
2022-05-19,89.8063,79.90093655844238,0.6798263368392984,9.905363441557611
2022-05-20,90.5863,80.17854785008643,0.27761129164404796,10.407752149913563
2022-05-23,88.255,77.13083783343339,-3.0477100166530335,11.124162166566606
2022-05-24,87.01,79.08893900491067,1.9581011714772756,7.921060995089334
2022-05-25,82.6438,77.53563525695667,-1.5533037479540046,5.108164743043332
2022-05-26,81.4261,74.53055339690934,-3.0050818600473193,6.895546603090665
2022-05-27,78.9825,70.53664808268063,-3.9939053142287193,8.445851917319374
2022-06-01,80.7875,71.31543580663433,0.7787877239536941,9.472064193365668
2022-06-02,79.6438,68.41017248953438,-2.9052633170999376,11.233627510465624
2022-06-03,81.5965,70.86224015916468,2.4520676696303036,10.734259840835321
2022-06-06,81.7713,70.14928842816751,-0.7129517309971699,11.622011571832488
2022-06-07,81.2975,68.72624334327976,-1.423045084887746,12.571256656720237
2022-06-08,83.5287,70.21401713837224,1.4877737950924717,13.314682861627759
2022-06-09,87.3887,74.29147208488929,4.077454946517058,13.097227915110707
2022-06-10,91.6413,78.41947483530615,4.1280027504168455,13.221825164693854
2022-06-13,98.5,84.6883836985586,6.268908863252465,13.811616301441404
2022-06-14,98.8713,84.4908150471498,-0.197568651408808,14.38048495285021
2022-06-15,95.16,82.60583362575399,-1.8849814213958054,12.554166374246009
2022-06-16,102.4588,88.58071259735419,5.974878971600202,13.878087402645804
2022-06-17,100.0175,87.69348120490922,-0.8872313924449656,12.32401879509078
2022-06-22,99.935,88.1245904688158,0.43110926390657883,11.810409531184206
2022-06-23,98.7925,87.18481868315645,-0.9397717856593458,11.607681316843554
2022-06-24,94.1488,82.40481118071229,-4.780007502444166,11.743988819287708
2022-06-27,95.1488,82.56660551130231,0.16179433059002782,12.58219448869768
2022-06-28,99.32,85.96312294096725,3.3965174296649456,13.35687705903274
2022-06-29,100.1401,86.40873344053759,0.4456104995703368,13.731366559462415
2022-06-30,101.1588,88.16040229385581,1.751668853318209,12.998397706144189
2022-07-01,100.7338,86.80036757790475,-1.3600347159510522,13.933432422095251
2022-07-06,98.26,85.59016879398587,-1.2101987839188806,12.669831206014138
2022-07-07,92.995,83.20301782498899,-2.3871509689968784,9.791982175011015
2022-07-08,90.4788,82.64975119907702,-0.5532666259119793,7.82904880092299
2022-07-11,92.2275,85.06266282473436,2.412911625657347,7.164837175265646
2022-07-12,92.4902,86.82758258381529,1.7649197590809198,5.662617416184716
2022-07-13,94.0,87.38733218099901,0.559749597183729,6.61266781900099
2022-07-14,94.6875,87.70443492693197,0.31710274593296395,6.983065073068033
2022-07-15,90.53,84.71611855344123,-2.988316373490741,5.813881446558767
2022-07-18,91.2875,85.9816569507118,1.2655383972705707,5.3058430492882
2022-07-19,85.7434,81.8443778223898,-4.137279128321995,3.899022177610192
2022-07-20,84.6908,80.91592401416246,-0.928453808227354,3.7748759858375394
2022-07-21,83.78,79.986717435475,-0.929206578687448,3.7932825645250006
2022-07-22,86.015,81.89218491257083,1.9054674770958253,4.122815087429174
2022-07-25,85.765,81.68076547445483,-0.21141943811599584,4.08423452554517
2022-07-26,87.235,83.69452685703145,2.0137613825766127,3.540473142968551
2022-07-27,83.3893,79.80426115451978,-3.8902657025116736,3.585038845480227
2022-07-28,80.5585,78.53184268372152,-1.2724184707982522,2.026657316278474
2022-07-29,80.4338,76.30540738429946,-2.2264352994220733,4.128392615700548
2022-08-01,82.3613,77.45544802516292,1.1500406408634731,4.905851974837077
2022-08-02,84.6148,78.09965968763753,0.644211662474608,6.515140312362476
2022-08-03,81.4,75.4478111666391,-2.6518485209984393,5.952188833360907
2022-08-04,80.9125,75.5797035020172,0.13189233537811065,5.332796497982798
2022-08-05,80.6496,75.19461939638354,-0.38508410563365464,5.4549806036164625
2022-08-08,80.9345,75.7360982799912,0.5414788836076545,5.198401720008803
2022-08-09,83.03,76.4436699177373,0.7075716377460961,6.586330082262705
2022-08-10,76.3075,72.84858235540725,-3.595087562330061,3.458917644592759
2022-08-11,77.4838,72.83163933571917,-0.01694301968806201,4.652160664280828
2022-08-12,73.5388,70.23855334728381,-2.5930859884353614,3.300246652716183
2022-08-15,74.3225,70.02059955484383,-0.21795379243999238,4.301900445156178
2022-08-16,75.8287,69.60587146344633,-0.4147280913974845,6.2228285365536635
2022-08-17,78.1687,70.5470449257223,0.9411734622759668,7.621655074277697
2022-08-18,77.28,70.32215429281064,-0.224890632911659,6.957845707189364
2022-08-19,81.0163,72.35472147446052,2.0325671816498776,8.661578525539483
2022-08-22,84.4425,76.34657452348132,3.9918530490207984,8.095925476518673
2022-08-23,84.6913,76.75393060087673,0.4073560773954106,7.93736939912327
2022-08-24,82.695,75.77346650318285,-0.9804640976938873,6.921533496817148
2022-08-25,80.8725,73.7335186193399,-2.0399478838429412,7.138981380660098
2022-08-26,86.0102,79.8527092925218,6.1191906731818975,6.157490707478203
2022-08-29,88.255,80.86265654609977,1.0099472535779772,7.392343453900224
2022-08-30,91.1188,82.5304280588825,1.6677715127827315,8.588371941117487
2022-08-31,92.37,83.30766887222505,0.7772408133425494,9.062331127774954
2022-09-01,90.4001,82.68083934724116,-0.6268295249838879,7.719260652758834
2022-09-02,91.9659,84.582870187759,1.9020308405178434,7.383029812241006
2022-09-07,85.4963,81.7983249038913,-2.784545283867711,3.6979750961087063
2022-09-08,83.72,80.4058022502418,-1.392522653649484,3.3141977497581934
2022-09-09,80.98,78.01595150992654,-2.3898507403152793,2.9640484900734663
2022-09-12,79.1475,76.66923510308516,-1.3467164068413688,2.478264896914837
2022-09-13,85.9913,83.72914881129005,7.059913708204884,2.26215118870995
2022-09-14,85.2575,83.00312082716854,-0.72602798412151,2.254379172831449
2022-09-15,89.2387,84.501311189478,1.4981903623094648,4.737388810521992
2022-09-16,89.1701,85.58905035228494,1.087739162806942,3.581049647715062
2022-09-19,86.7975,84.36923401955193,-1.2198163327330154,2.4282659804480744
2022-09-20,98.4713,86.15167847802105,1.7824444584691255,12.319621521978945
2022-09-21,100.5838,88.84171748475418,2.6900390067331275,11.742082515245812
2022-09-22,102.4213,89.43500845272021,0.5932909679660283,12.98629154727979
2022-09-23,105.9088,92.53111938445417,3.096110931733974,13.377680615545827
2022-09-26,109.6932,93.73813694457311,1.2070175601189255,15.95506305542689
2022-09-27,111.1525,94.18372621857156,0.4455892739984593,16.96877378142844
2022-09-28,106.1138,91.83494044895654,-2.3487857696150227,14.278859551043453
2022-09-29,107.3352,94.95573843323203,3.1207979842754803,12.379461566767972
2022-09-30,108.0238,96.73526257998704,1.7795241467550178,11.288537420012958
2022-10-03,104.3262,93.81980705629495,-2.915455523692087,10.506392943705052
2022-10-04,97.9825,89.6064631296554,-4.213343926639553,8.376036870344606
2022-10-05,97.1575,89.39038157133471,-0.21608155832068107,7.767118428665285
2022-10-06,98.7375,91.07022954815247,1.679847976817755,7.6672704518475285
2022-10-07,101.445,94.92607801089787,3.8558484627453966,6.518921989102125
2022-10-12,102.465,95.58714553256183,0.6610675216639744,6.877854467438169
2022-10-13,101.1588,91.53967418144524,-4.047471351116615,9.619125818554764
2022-10-14,104.0634,94.5089975291833,2.969323347738078,9.554402470816697
2022-10-17,98.3963,91.07090606843829,-3.43809146074501,7.325393931561706
2022-10-18,94.3163,89.41739253277036,-1.6535135356679302,4.898907467229634
2022-10-19,96.4062,89.9347547063832,0.5173621736128347,6.471445293616796
2022-10-20,99.1013,90.52013546724095,0.5853807608577409,8.581164532759047
2022-10-21,94.2387,87.54959420765232,-2.9705412595886242,6.689105792347675
2022-10-24,93.6438,85.949551014324,-1.6000431933283097,7.694248985675998
2022-10-25,92.7582,83.88768572319296,-2.06186529113105,8.870514276807043
2022-10-26,92.3625,85.05727485870521,1.1695891355122563,7.305225141294784
2022-10-27,93.1963,86.40131747686017,1.344042618154959,6.794982523139822
2022-10-28,87.5249,82.21347043250272,-4.18784704435745,5.311429567497285
2022-10-31,90.2688,83.20068575016526,0.9872153176625478,7.068114249834736
2022-11-01,88.7513,83.78354394609843,0.5828581959331682,4.967756053901567
2022-11-02,91.2884,87.09078325834453,3.3072393122460912,4.197616741655466
2022-11-03,94.0374,88.39161784012566,1.3008345817811249,5.645782159874344
2022-11-04,90.0275,86.46474795057013,-1.9268698895555212,3.562752049429875
2022-11-07,88.5172,84.93375080658298,-1.5309971439871588,3.5834491934170245
2022-11-08,88.7938,84.90967643805637,-0.02407436852661244,3.884123561943639
2022-11-09,92.2363,88.17783920784018,3.2681627697838174,4.058460792159821
2022-11-10,83.17,81.19121350299774,-6.986625704842443,1.978786497002261
2022-11-15,82.9605,80.55445729765108,-0.6367562053466556,2.4060427023489126
2022-11-16,82.9425,81.93573054955186,1.381273251900791,1.0067694504481324
2022-11-17,83.2538,82.06742617209932,0.13169562254745,1.186373827900681
2022-11-18,81.8563,80.97170803170559,-1.0957181403937335,0.8845919682944157
2022-11-21,81.4525,81.37818887425897,0.40648084255338696,0.07431112574103338
2022-11-22,79.8063,79.4975010545441,-1.8806878197148635,0.3087989454558908
2022-11-23,77.49,78.69302112521407,-0.8044799293300341,-1.2030211252140788
2022-11-28,82.1262,81.48623606754576,2.7932149423316868,0.6399639324542363
2022-11-29,81.0113,81.47581437165947,-0.010421695886294895,-0.46451437165946174
2022-11-30,75.6375,77.38264637468336,-4.093167996976106,-1.7451463746833582
2022-12-01,77.035,77.77803568276227,0.3953893080788961,-0.7430356827622688
2022-12-02,77.8138,77.832682177831,0.05464649506874642,-0.018882177831002878
2022-12-05,80.0338,80.60351989117024,2.770837713339235,-0.5697198911702372
2022-12-06,82.8688,83.28970412816824,2.6861842369980065,-0.42090412816824596
2022-12-07,82.0688,84.23550008346402,0.9457959552957803,-2.166700083464022
2022-12-08,81.6438,82.88585500513655,-1.3496450783274694,-1.2420550051365495
2022-12-09,80.395,83.8193136884704,0.9334586833338511,-3.4243136884704057
2022-12-12,78.0113,82.32000386038395,-1.4993098280864492,-4.308703860383943
2022-12-13,75.815,81.19490146877838,-1.1251023916055671,-5.379901468778385
2022-12-14,75.9875,81.85061371124935,0.6557122424709639,-5.863113711249355
2022-12-15,80.5488,86.16554531352446,4.314931602275118,-5.616745313524461
2022-12-16,83.3063,87.69312026039597,1.5275749468714988,-4.386820260395979
2022-12-19,85.0375,88.57898650721546,0.8858662468194887,-3.541486507215467
2022-12-20,86.4662,87.95892006170394,-0.6200664455115261,-1.4927200617039347
2022-12-21,81.2463,85.71577656755726,-2.243143494146671,-4.469476567557251
2022-12-22,82.6525,88.21436346973843,2.4985869021811777,-5.561863469738427
2022-12-23,80.8487,86.9234863654866,-1.290877104251842,-6.074786365486602
2022-12-28,84.1113,88.69205517070901,1.7685688052224238,-4.580755170709011
2022-12-29,81.71,86.3928996278957,-2.299155542813314,-4.682899627895708
2022-12-30,82.0238,86.6325400444032,0.2396404165074915,-4.608740044403206
2023-01-04,78.525,85.61500166137472,-1.0175383830284783,-7.090001661374714
2023-01-05,78.6263,87.21809099379513,1.6030893324204187,-8.59179099379513
2023-01-06,74.5663,84.5077708513769,-2.7103201424182255,-9.941470851376906
2023-01-09,74.6263,85.03591386101442,0.5281430096375191,-10.40961386101442
2023-01-10,74.7225,83.45396857467647,-1.5819452863379595,-8.73146857467647
2023-01-11,72.3487,82.12421366466353,-1.3297549100129455,-9.775513664663535
2023-01-12,70.82,81.47977722204242,-0.6444364426211073,-10.659777222042422
2023-01-13,70.4825,80.5756336445268,-0.9041435775156179,-10.093133644526802
2023-01-18,73.9025,83.83048930148651,3.254855656959704,-9.927989301486505
2023-01-19,76.0775,84.93539708981488,1.104907788328384,-8.857897089814884
2023-01-20,74.0825,81.84945485511156,-3.0859422347033285,-7.766954855111564
2023-01-23,71.9425,80.04775668674296,-1.8016981683686044,-8.105256686742962
2023-01-24,71.5643,80.26499623520039,0.21723954845743393,-8.700696235200382
2023-01-25,71.5867,80.46090254323663,0.19590630803623119,-8.874202543236635
2023-01-26,71.4822,78.61108709230155,-1.8498154509350837,-7.1288870923015395
2023-01-27,71.4737,78.23167202935389,-0.37941506294764643,-6.757972029353894
2023-01-30,73.6513,80.45655563753557,2.224883608181675,-6.805255637535566
2023-01-31,71.3825,78.38867131345121,-2.067884324084362,-7.006171313451219
2023-02-01,68.5213,76.8951893277046,-1.4934819857466108,-8.373889327704603
2023-02-02,67.1975,75.15489921701526,-1.7402901106893387,-7.957399217015251
2023-02-03,69.0438,76.08660373806471,0.9317045210494473,-7.0428037380647055
2023-02-06,70.1662,76.82058486585454,0.7339811277898363,-6.654384865854539
2023-02-07,68.7113,74.68949007473958,-2.1310947911149567,-5.978190074739587
2023-02-08,69.8625,76.9279519827345,2.2384619079949206,-7.065451982734501
2023-02-09,70.9338,78.39832856046168,1.4703765777271678,-7.464528560461673
2023-02-10,72.8213,77.82584690525177,-0.5724816552099052,-5.004546905251772
2023-02-13,71.2526,76.27023395182468,-1.5556129534270817,-5.017633951824678
2023-02-14,71.0779,75.77041711278055,-0.4998168390441336,-4.69251711278055
2023-02-15,70.965,75.0434079147684,-0.7270091980121567,-4.078407914768391
2023-02-16,73.1742,77.52512321219726,2.481715297428856,-4.350923212197259
2023-02-17,72.805,78.12955306750818,0.6044298553109334,-5.324553067508177
2023-02-22,76.14,78.41989207790282,0.29033901039463167,-2.279892077902815
2023-02-23,74.3638,77.53240388543973,-0.8874881924630856,-3.1686038854397367
2023-02-24,76.8738,78.95026120805689,1.4178573226171534,-2.076461208056884
2023-02-27,75.5063,78.52757690072212,-0.42268430733475887,-3.0212769007221283
2023-02-28,76.3828,78.91086636609847,0.383289465376354,-2.5280663660984715
2023-03-01,75.5362,79.34927805339515,0.43841168729667923,-3.8130780533951594
2023-03-02,74.835,77.87177411776032,-1.4775039356348358,-3.0367741177603307
2023-03-03,70.8487,75.68199147581007,-2.189782641950254,-4.833291475810071
2023-03-06,70.6538,75.64138203006208,-0.04060944574798551,-4.987582030062072
2023-03-07,73.18,78.07246169679055,2.4310796667284746,-4.892461696790548
2023-03-08,74.265,77.6682263622226,-0.40423533456795724,-3.403226362222597
2023-03-09,78.7862,81.82733684034199,4.159110478119384,-3.0411368403419914
2023-03-10,83.0338,85.4683775079837,3.641040667641724,-2.434577507983704
2023-03-13,90.9138,87.24770413437632,1.7793266263926124,3.6660958656236744
2023-03-14,85.0029,83.62991615164171,-3.6177879827346198,1.3729838483582881
2023-03-15,88.395,86.45450882737121,2.8245926757295163,1.9404911726287821
2023-03-16,82.7913,82.55266854685578,-3.9018402805154344,0.2386314531442224
2023-03-17,87.87,85.67138757511773,3.118719028261947,2.1986124248822705
2023-03-20,88.5038,83.80515719189927,-1.866230383218469,4.698642808100729
2023-03-21,80.2288,80.70379906441143,-3.101358127487838,-0.4749990644114206
2023-03-22,83.25,84.1772706554726,3.4734715910611693,-0.9272706554725971
2023-03-23,86.1532,84.11571826011445,-0.06155239535814129,2.03748173988555
2023-03-24,84.8174,83.38130205460406,-0.7344162055103862,1.436097945395943
2023-03-27,83.0925,82.20344441062862,-1.1778576439754422,0.889055589371381
2023-03-28,83.8664,82.13535311658555,-0.06809129404307215,1.7310468834144501
2023-03-29,79.3074,79.93252228091778,-2.2028308356677706,-0.625122280917779
2023-03-30,77.7501,79.17271960173902,-0.7598026791787633,-1.4226196017390151
2023-03-31,75.8575,77.4171690018095,-1.755550599929521,-1.559669001809496
2023-04-03,76.2863,77.13011582063302,-0.2870531811764675,-0.8438158206330257
2023-04-04,78.3438,78.56265211395532,1.4325362933222954,-0.21885211395532167
2023-04-05,80.7163,79.15866236692204,0.5960102529667141,1.5576376330779595
2023-04-06,79.2938,78.48563739190598,-0.6730249750160665,0.8081626080940225
2023-04-11,76.6295,78.56269453975749,0.0770571478515168,-1.9331945397574941
2023-04-12,77.395,79.42522797866434,0.8625334389068406,-2.0302279786643425
2023-04-13,74.9875,77.01823952691623,-2.406988451748103,-2.0307395269162356
2023-04-14,73.9638,76.86037585099217,-0.1578636759240607,-2.896575850992164
